order_id,user_id,order_date,total_amount
5001,375,2023-04-23,2115104
5002,201,2023-03-12,2018053
5003,144,2023-01-30,1143270
5004,543,2023-05-15,2531019
5005,405,2023-03-08,875126
5006,545,2023-03-06,1350728
5007,117,2023-02-05,1049242
5008,430,2023-01-25,2187626
5009,157,2023-02-06,370068
5010,411,2023-01-01,1330624
5011,597,2023-05-23,1849438
5012,403,2023-02-06,2843651
5013,112,2023-05-21,2938564
5014,418,2023-05-16,1615368
5015,180,2023-05-13,1123546
5016,316,2023-05-08,2758384
5017,439,2023-05-07,424911
5018,364,2023-01-01,2528164
5019,579,2023-06-13,2000639
5020,249,2023-02-04,1757075
5021,181,2023-04-14,1189070
5022,315,2023-01-23,191277
5023,585,2023-01-09,511966
5024,474,2023-02-03,2413455
5025,564,2023-06-23,1381212
5026,298,2023-05-08,2932670
5027,300,2023-01-04,1706622
5028,125,2023-06-07,1623344
5029,566,2023-04-12,2300315
5030,189,2023-03-16,2489491
5031,368,2023-04-09,1247414
5032,243,2023-03-13,2942321
5033,159,2023-01-03,2388561
5034,510,2023-05-22,2755605
5035,589,2023-06-22,2760941
5036,465,2023-02-03,1401710
5037,126,2023-02-14,2611822
5038,147,2023-03-02,2077797
5039,388,2023-03-24,821818
5040,366,2023-05-03,1959726
5041,116,2023-04-12,843857
5042,299,2023-01-16,2238787
5043,501,2023-03-07,2815766
5044,507,2023-06-17,240935
5045,382,2023-05-25,2820174
5046,569,2023-04-29,893420
5047,186,2023-06-11,1827720
5048,350,2023-05-04,1961345
5049,491,2023-05-24,512503
5050,370,2023-04-12,238599
5051,435,2023-03-07,2355071
5052,217,2023-01-13,2585820
5053,107,2023-04-21,2520511
5054,237,2023-06-08,1553183
5055,471,2023-02-03,1660307
5056,276,2023-02-08,1360144
5057,428,2023-05-16,848416
5058,598,2023-04-30,2158657
5059,415,2023-05-06,964461
5060,315,2023-02-24,1487256
5061,577,2023-01-27,174721
5062,182,2023-04-28,2028145
5063,323,2023-02-22,1030165
5064,578,2023-02-08,2938342
5065,472,2023-03-06,156668
5066,523,2023-05-25,298518
5067,583,2023-06-07,2760126
5068,502,2023-06-30,2924613
5069,543,2023-01-13,2725421
5070,590,2023-01-21,1384359
5071,203,2023-05-27,1182586
5072,373,2023-02-22,1623969
5073,114,2023-01-19,543472
5074,259,2023-02-26,426884
5075,252,2023-01-25,279021
5076,583,2023-01-31,167032
5077,208,2023-03-22,2767959
5078,288,2023-01-23,477820
5079,401,2023-02-01,909171
5080,198,2023-03-15,1382516
5081,231,2023-01-10,2395100
5082,393,2023-02-23,1053237
5083,271,2023-02-21,1738562
5084,524,2023-05-28,2276356
5085,574,2023-06-09,1349785
5086,283,2023-04-24,125072
5087,571,2023-01-14,2781642
5088,464,2023-06-27,109360
5089,139,2023-06-05,2179439
5090,115,2023-04-20,727062
5091,476,2023-02-22,712353
5092,597,2023-06-01,707235
5093,104,2023-03-20,790644
5094,449,2023-01-22,2778566
5095,570,2023-01-30,2348033
5096,509,2023-01-04,1175933
5097,497,2023-02-28,1510309
5098,310,2023-01-08,227440
5099,261,2023-01-12,2671110
5100,116,2023-04-29,2991972
5101,593,2023-06-08,2885599
5102,526,2023-02-03,1266735
5103,208,2023-03-23,1902930
5104,482,2023-04-08,214152
5105,550,2023-05-07,1948356
5106,411,2023-03-16,623623
5107,327,2023-04-15,832744
5108,270,2023-02-18,995112
5109,134,2023-03-20,503178
5110,514,2023-04-03,1239925
5111,351,2023-06-03,575839
5112,347,2023-01-18,634101
5113,369,2023-04-06,469813
5114,241,2023-02-07,1078213
5115,374,2023-03-28,1898266
5116,516,2023-03-29,973197
5117,196,2023-02-19,947328
5118,327,2023-01-08,1722417
5119,479,2023-06-18,571238
5120,139,2023-05-14,436704
5121,402,2023-03-10,1720734
5122,600,2023-06-21,2101280
5123,129,2023-05-01,20215
5124,546,2023-03-05,387747
5125,597,2023-06-06,2915107
5126,577,2023-06-05,875121
5127,418,2023-05-19,1037375
5128,345,2023-05-01,292544
5129,336,2023-03-06,554633
5130,285,2023-04-17,1102472
5131,372,2023-05-27,1547222
5132,540,2023-05-17,1883907
5133,336,2023-06-04,834661
5134,339,2023-06-11,2627421
5135,477,2023-06-21,1336303
5136,366,2023-04-10,942401
5137,514,2023-03-23,533622
5138,509,2023-05-23,1140113
5139,459,2023-02-20,1833353
5140,440,2023-05-21,417783
5141,489,2023-03-24,2771088
5142,165,2023-06-26,919084
5143,578,2023-04-22,490455
5144,277,2023-02-25,2785841
5145,103,2023-06-28,252117
5146,529,2023-06-14,1841644
5147,242,2023-05-25,2678492
5148,476,2023-06-06,470985
5149,258,2023-06-10,2163184
5150,598,2023-03-01,524910
5151,424,2023-04-30,2980565
5152,246,2023-05-18,643090
5153,546,2023-06-24,2049341
5154,393,2023-01-23,2546915
5155,253,2023-05-29,2422114
5156,532,2023-01-13,1955430
5157,293,2023-04-11,1789617
5158,537,2023-06-10,2458761
5159,594,2023-01-24,2868039
5160,563,2023-04-18,657509
5161,173,2023-01-11,2416629
5162,499,2023-01-17,1195033
5163,405,2023-06-24,1347296
5164,477,2023-01-25,900432
5165,444,2023-04-04,486995
5166,552,2023-01-21,2673041
5167,240,2023-03-25,2971530
5168,287,2023-05-20,2053436
5169,393,2023-02-06,1382836
5170,161,2023-02-11,2086905
5171,585,2023-05-25,1579048
5172,527,2023-04-11,648474
5173,480,2023-02-17,2966478
5174,298,2023-04-13,709995
5175,395,2023-01-28,1649618
5176,540,2023-02-10,2210002
5177,419,2023-04-09,1809055
5178,402,2023-02-16,1631735
5179,444,2023-05-26,1262522
5180,111,2023-04-15,2588101
5181,162,2023-05-04,2933095
5182,433,2023-01-13,887392
5183,326,2023-05-21,986325
5184,253,2023-04-10,1317776
5185,299,2023-01-31,745527
5186,152,2023-05-10,2061215
5187,360,2023-01-16,1523174
5188,159,2023-05-17,2600562
5189,172,2023-03-14,1827317
5190,248,2023-06-15,1503702
5191,449,2023-02-23,1273179
5192,163,2023-04-10,1749122
5193,410,2023-04-19,754172
5194,473,2023-03-28,129779
5195,343,2023-06-22,1087133
5196,593,2023-06-11,472082
5197,466,2023-05-17,354248
5198,430,2023-01-08,1546369
5199,207,2023-01-07,681440
5200,326,2023-02-05,1213502
5201,413,2023-01-18,1977021
5202,318,2023-01-03,2840207
5203,525,2023-01-28,2682521
5204,341,2023-03-11,941872
5205,359,2023-06-21,774981
5206,476,2023-05-29,401325
5207,362,2023-01-28,833526
5208,105,2023-02-23,983544
5209,361,2023-03-06,2446062
5210,154,2023-04-10,1856309
5211,147,2023-01-21,703970
5212,315,2023-01-13,625751
5213,277,2023-02-26,1758614
5214,109,2023-02-18,493656
5215,199,2023-04-28,978379
5216,120,2023-02-23,1094657
5217,478,2023-05-18,1092930
5218,341,2023-02-22,637585
5219,161,2023-02-13,2921884
5220,479,2023-02-16,1714548
5221,590,2023-02-22,2964476
5222,519,2023-03-15,2152677
5223,278,2023-02-15,26464
5224,438,2023-01-13,1609426
5225,162,2023-06-14,2492724
5226,245,2023-04-12,1181140
5227,316,2023-01-24,1438767
5228,103,2023-01-02,2674074
5229,260,2023-03-22,1855068
5230,327,2023-04-10,1864277
5231,586,2023-05-22,2311367
5232,369,2023-05-18,1615929
5233,220,2023-06-12,285039
5234,481,2023-06-02,1411579
5235,595,2023-05-11,2096259
5236,189,2023-04-21,987241
5237,429,2023-04-12,2221279
5238,168,2023-01-17,116426
5239,498,2023-01-12,1260952
5240,457,2023-04-26,1080538
5241,198,2023-01-24,2150454
5242,367,2023-01-29,1416102
5243,205,2023-06-20,24011
5244,540,2023-06-02,1984724
5245,423,2023-05-02,39782
5246,223,2023-03-31,2108097
5247,576,2023-03-06,452941
5248,129,2023-03-25,1602060
5249,237,2023-04-29,2728685
5250,295,2023-06-05,2639981
5251,509,2023-01-16,623151
5252,326,2023-06-24,1843327
5253,432,2023-04-14,2486825
5254,270,2023-04-02,1804292
5255,109,2023-01-27,2348389
5256,563,2023-06-30,1860277
5257,140,2023-06-19,928063
5258,125,2023-06-24,326024
5259,361,2023-06-11,134003
5260,495,2023-06-14,1207968
5261,543,2023-05-14,2166741
5262,326,2023-05-15,270606
5263,572,2023-06-02,751636
5264,224,2023-02-02,580185
5265,563,2023-02-24,2306789
5266,138,2023-01-07,706290
5267,428,2023-02-26,1781169
5268,351,2023-05-06,1869388
5269,489,2023-01-12,1800832
5270,276,2023-01-16,2697270
5271,190,2023-02-12,2384825
5272,502,2023-04-27,2473894
5273,554,2023-05-15,777582
5274,137,2023-04-21,2200139
5275,416,2023-02-20,1452672
5276,276,2023-06-09,584174
5277,561,2023-03-16,1642563
5278,384,2023-01-08,1669260
5279,553,2023-02-14,1683542
5280,561,2023-02-28,2666719
5281,181,2023-05-12,2548474
5282,214,2023-04-14,2227928
5283,140,2023-06-06,2485596
5284,401,2023-06-06,230809
5285,324,2023-04-08,1240192
5286,418,2023-06-05,1433967
5287,449,2023-03-20,553285
5288,215,2023-05-04,892143
5289,286,2023-06-21,2682300
5290,423,2023-01-04,1702978
5291,156,2023-03-31,2754658
5292,140,2023-04-14,2639222
5293,454,2023-05-17,1955772
5294,140,2023-04-29,2224193
5295,447,2023-05-13,394368
5296,561,2023-02-25,2442952
5297,337,2023-04-06,2833590
5298,389,2023-06-27,2599014
5299,362,2023-03-16,1881663
5300,316,2023-05-23,1189694
5301,247,2023-02-01,2816113
5302,436,2023-01-28,1071690
5303,268,2023-01-22,2930086
5304,192,2023-01-17,69768
5305,453,2023-02-28,1481820
5306,159,2023-03-31,993069
5307,159,2023-04-16,2200275
5308,404,2023-01-26,2283557
5309,269,2023-01-25,2120326
5310,369,2023-05-18,137769
5311,463,2023-02-14,317542
5312,145,2023-03-24,2546297
5313,445,2023-01-11,1454269
5314,281,2023-06-30,786868
5315,270,2023-04-14,1255069
5316,456,2023-03-09,2714075
5317,291,2023-04-05,1878768
5318,255,2023-06-05,948864
5319,522,2023-03-06,1734249
5320,288,2023-02-18,787166
5321,107,2023-06-24,2334222
5322,233,2023-02-21,419017
5323,335,2023-04-12,951775
5324,145,2023-02-26,1477867
5325,414,2023-02-16,1564247
5326,349,2023-06-08,2486511
5327,599,2023-06-23,2991679
5328,131,2023-01-26,867374
5329,123,2023-04-24,2261085
5330,526,2023-01-05,1268749
5331,494,2023-03-25,2619098
5332,260,2023-02-21,696337
5333,463,2023-04-15,2043553
5334,537,2023-02-23,1286302
5335,258,2023-06-10,2116419
5336,139,2023-06-27,2991761
5337,515,2023-06-15,112172
5338,182,2023-06-04,690990
5339,456,2023-01-15,564344
5340,358,2023-03-02,1207030
5341,306,2023-05-02,1124315
5342,177,2023-01-21,68639
5343,577,2023-02-15,2570206
5344,112,2023-05-14,2556409
5345,395,2023-02-07,2904576
5346,550,2023-03-03,616682
5347,324,2023-03-27,349801
5348,113,2023-03-19,2930744
5349,146,2023-02-15,1900164
5350,255,2023-05-21,202447
5351,213,2023-01-03,2465738
5352,333,2023-01-06,694932
5353,117,2023-04-03,400069
5354,460,2023-01-08,24136
5355,323,2023-06-21,2179020
5356,454,2023-04-18,2461559
5357,288,2023-06-10,2935751
5358,548,2023-03-16,130957
5359,444,2023-03-18,559767
5360,465,2023-02-19,139392
5361,263,2023-01-11,680183
5362,596,2023-04-05,2897668
5363,426,2023-06-05,1270104
5364,567,2023-03-11,826017
5365,514,2023-06-18,2003352
5366,555,2023-01-16,1881627
5367,174,2023-03-09,881501
5368,333,2023-04-09,285864
5369,324,2023-02-17,301411
5370,582,2023-03-05,1215344
5371,419,2023-03-31,705328
5372,512,2023-03-17,2432660
5373,160,2023-05-19,436561
5374,435,2023-04-11,71567
5375,322,2023-03-30,2208381
5376,137,2023-01-18,1545450
5377,577,2023-01-19,1789361
5378,378,2023-02-24,2982102
5379,296,2023-04-12,627132
5380,504,2023-04-28,1232567
5381,452,2023-06-03,1650060
5382,584,2023-05-14,2757040
5383,342,2023-01-04,644913
5384,424,2023-04-18,1541193
5385,319,2023-04-25,937999
5386,292,2023-01-29,2948339
5387,117,2023-02-28,2053764
5388,112,2023-05-05,2982513
5389,506,2023-04-08,414768
5390,501,2023-01-17,71272
5391,494,2023-04-17,2546221
5392,474,2023-02-12,269264
5393,293,2023-03-21,2805436
5394,122,2023-06-11,256538
5395,574,2023-01-08,2696115
5396,220,2023-05-21,535447
5397,310,2023-04-16,173706
5398,406,2023-01-08,2456300
5399,370,2023-04-06,993902
5400,292,2023-04-04,773818
5401,275,2023-03-06,847150
5402,385,2023-06-20,1806852
5403,304,2023-02-08,2406166
5404,264,2023-03-22,858489
5405,351,2023-03-25,1148371
5406,327,2023-03-29,362553
5407,536,2023-03-27,62137
5408,481,2023-04-03,1461945
5409,560,2023-03-27,158925
5410,107,2023-02-13,2653819
5411,129,2023-05-17,953296
5412,495,2023-06-14,2238321
5413,133,2023-03-15,1238015
5414,234,2023-02-05,395233
5415,467,2023-04-11,1000960
5416,179,2023-06-05,1603913
5417,516,2023-06-19,2580272
5418,535,2023-06-20,1754635
5419,559,2023-06-19,1977792
5420,158,2023-04-14,854123
5421,571,2023-03-07,1236688
5422,126,2023-02-24,2890967
5423,582,2023-06-25,244062
5424,530,2023-04-01,2175138
5425,326,2023-01-22,451978
5426,385,2023-04-11,1747536
5427,104,2023-06-04,1809639
5428,565,2023-05-01,1173891
5429,199,2023-04-03,2436500
5430,497,2023-04-18,722214
5431,589,2023-05-21,1536589
5432,139,2023-06-22,1808205
5433,371,2023-01-10,2812291
5434,475,2023-01-09,1780143
5435,385,2023-06-04,245687
5436,257,2023-02-03,1364700
5437,175,2023-05-09,2959701
5438,472,2023-06-09,2262365
5439,388,2023-03-30,2781856
5440,230,2023-04-03,2091088
5441,275,2023-03-12,2133048
5442,562,2023-03-08,2206505
5443,184,2023-05-28,49813
5444,122,2023-04-27,686041
5445,559,2023-04-04,1796839
5446,127,2023-06-12,1466374
5447,295,2023-04-09,2326907
5448,437,2023-04-23,293541
5449,482,2023-04-13,2472550
5450,336,2023-04-01,1506056
5451,540,2023-03-31,1635181
5452,192,2023-01-17,2332857
5453,577,2023-01-18,1370816
5454,121,2023-06-22,2433081
5455,403,2023-04-26,2169496
5456,564,2023-04-03,790348
5457,457,2023-06-30,2593011
5458,543,2023-04-01,926814
5459,184,2023-03-23,2841058
5460,362,2023-03-09,2057171
5461,247,2023-04-24,478819
5462,541,2023-01-01,1228060
5463,553,2023-02-27,1179065
5464,487,2023-06-03,464874
5465,357,2023-04-19,1511341
5466,158,2023-05-28,2128701
5467,480,2023-04-26,2142891
5468,522,2023-03-28,827641
5469,115,2023-01-10,2748491
5470,262,2023-02-28,2074048
5471,545,2023-02-10,1083692
5472,263,2023-04-15,564333
5473,420,2023-05-13,963831
5474,597,2023-05-02,55709
5475,381,2023-05-25,1898625
5476,380,2023-01-22,1750841
5477,112,2023-04-08,1001652
5478,374,2023-06-18,249167
5479,371,2023-03-09,325063
5480,592,2023-05-19,889953
5481,308,2023-02-25,2603273
5482,127,2023-06-28,2336374
5483,172,2023-05-29,733806
5484,160,2023-04-09,2824940
5485,530,2023-03-17,985398
5486,573,2023-01-26,1018653
5487,245,2023-04-25,2910031
5488,193,2023-05-27,2249523
5489,409,2023-04-19,2499802
5490,108,2023-02-16,1042509
5491,179,2023-03-12,2777506
5492,127,2023-06-03,770774
5493,274,2023-02-09,2899271
5494,150,2023-05-13,944993
5495,600,2023-05-29,373791
5496,299,2023-05-12,1404525
5497,487,2023-01-23,1399087
5498,449,2023-04-16,883787
5499,548,2023-03-25,136220
5500,528,2023-05-23,241421
5501,281,2023-04-26,369317
5502,124,2023-04-19,808428
5503,416,2023-05-16,2947971
5504,478,2023-02-10,1052469
5505,487,2023-04-22,1351379
5506,504,2023-05-27,1375898
5507,146,2023-04-22,2737405
5508,115,2023-04-13,2722708
5509,253,2023-02-15,367186
5510,322,2023-06-05,1437191
5511,306,2023-03-09,257103
5512,555,2023-05-02,709925
5513,373,2023-01-15,2206394
5514,482,2023-06-14,1067146
5515,336,2023-05-09,1222532
5516,440,2023-04-21,1872207
5517,328,2023-01-24,2701478
5518,109,2023-01-27,780330
5519,266,2023-02-09,2952878
5520,532,2023-06-13,2850527
5521,544,2023-01-24,2282402
5522,419,2023-01-24,1998745
5523,314,2023-01-04,2639972
5524,217,2023-03-08,2379830
5525,486,2023-02-03,842564
5526,444,2023-06-26,2415406
5527,172,2023-06-30,870012
5528,495,2023-04-26,1484261
5529,164,2023-01-23,2163385
5530,305,2023-04-19,2088884
5531,309,2023-03-10,2568600
5532,172,2023-04-05,768810
5533,377,2023-06-30,1023941
5534,374,2023-03-03,2223463
5535,578,2023-06-18,2005404
5536,420,2023-02-26,2613398
5537,438,2023-02-23,1879062
5538,466,2023-03-11,2146861
5539,595,2023-04-11,2071723
5540,195,2023-02-26,2114885
5541,266,2023-05-18,1068939
5542,132,2023-06-17,514829
5543,111,2023-05-15,416456
5544,401,2023-04-13,1533993
5545,317,2023-06-15,2162841
5546,389,2023-03-26,918704
5547,202,2023-03-02,195037
5548,525,2023-01-03,228606
5549,492,2023-05-08,1069458
5550,367,2023-06-28,2896262
5551,314,2023-03-27,1049516
5552,279,2023-02-16,1716609
5553,188,2023-03-17,48885
5554,141,2023-02-07,416419
5555,501,2023-06-13,2832753
5556,176,2023-06-18,415460
5557,477,2023-05-21,380466
5558,146,2023-03-28,1399339
5559,260,2023-02-27,2138736
5560,563,2023-02-19,1863529
5561,180,2023-01-30,839973
5562,410,2023-04-11,2670503
5563,186,2023-01-25,1138844
5564,192,2023-04-22,2897746
5565,248,2023-06-04,1448926
5566,261,2023-06-28,1526744
5567,302,2023-05-06,2287976
5568,524,2023-05-03,2867745
5569,516,2023-02-16,1464359
5570,342,2023-04-28,1477913
5571,453,2023-02-08,1987754
5572,102,2023-01-16,2717851
5573,325,2023-01-22,2052355
5574,389,2023-02-23,1266729
5575,333,2023-05-29,2801652
5576,561,2023-01-16,2111219
5577,514,2023-02-28,2781839
5578,517,2023-01-31,1008167
5579,177,2023-06-19,43331
5580,216,2023-02-01,43004
5581,254,2023-06-11,468013
5582,506,2023-01-09,2306319
5583,203,2023-05-19,951253
5584,294,2023-01-10,1681908
5585,266,2023-01-17,1864053
5586,459,2023-03-09,2399412
5587,190,2023-02-17,562955
5588,274,2023-06-29,1405777
5589,222,2023-04-21,1667069
5590,598,2023-06-02,1095878
5591,243,2023-05-03,616822
5592,582,2023-05-29,1818278
5593,206,2023-04-11,393145
5594,475,2023-04-12,2073413
5595,528,2023-03-06,2511637
5596,405,2023-02-20,814300
5597,460,2023-02-05,705611
5598,559,2023-03-22,2457205
5599,417,2023-05-07,1677387
5600,551,2023-03-29,2811241
5601,223,2023-04-14,2657174
5602,490,2023-01-15,1240985
5603,109,2023-04-06,365744
5604,362,2023-06-16,2048594
5605,173,2023-05-03,1863441
5606,459,2023-01-01,2624325
5607,323,2023-05-31,2781623
5608,516,2023-05-02,1696850
5609,141,2023-06-16,1918761
5610,470,2023-05-06,1535412
5611,304,2023-02-26,1876759
5612,364,2023-03-22,452184
5613,428,2023-06-11,1229725
5614,278,2023-06-18,2356806
5615,448,2023-03-14,447991
5616,418,2023-05-21,1903578
5617,184,2023-03-11,2928087
5618,418,2023-01-06,678139
5619,211,2023-03-25,2990424
5620,351,2023-02-21,2418559
5621,483,2023-01-03,2434383
5622,107,2023-03-22,2692922
5623,559,2023-03-04,2040937
5624,184,2023-02-18,142989
5625,308,2023-03-17,846547
5626,488,2023-04-22,296393
5627,490,2023-06-24,1837119
5628,414,2023-04-19,2751801
5629,122,2023-03-06,1879608
5630,510,2023-03-22,319850
5631,483,2023-01-15,1429761
5632,103,2023-04-10,61139
5633,227,2023-02-01,659207
5634,397,2023-04-06,791965
5635,288,2023-05-08,323446
5636,462,2023-05-26,1418558
5637,114,2023-04-23,1005663
5638,559,2023-03-24,2781158
5639,566,2023-02-12,1737479
5640,112,2023-04-26,1818432
5641,187,2023-06-12,1065716
5642,112,2023-03-19,2981937
5643,497,2023-02-27,2955012
5644,125,2023-02-02,2175091
5645,401,2023-01-14,1941458
5646,343,2023-06-11,2015633
5647,222,2023-05-12,2140700
5648,247,2023-02-28,2573589
5649,155,2023-06-06,2023345
5650,338,2023-03-24,1718413
5651,456,2023-05-14,2551069
5652,273,2023-05-01,464503
5653,492,2023-06-26,157799
5654,321,2023-06-17,785820
5655,219,2023-03-24,201789
5656,409,2023-01-27,2542795
5657,283,2023-03-21,454352
5658,388,2023-05-14,1969834
5659,407,2023-01-13,1707745
5660,400,2023-03-05,1514201
5661,182,2023-05-27,822009
5662,554,2023-03-21,131776
5663,502,2023-05-03,905678
5664,311,2023-02-12,1826860
5665,250,2023-03-30,2899271
5666,137,2023-05-28,2630776
5667,452,2023-04-05,232803
5668,412,2023-06-21,2275913
5669,461,2023-05-31,2615025
5670,159,2023-01-02,2474244
5671,231,2023-04-30,41341
5672,512,2023-01-22,2476850
5673,302,2023-04-25,1274329
5674,343,2023-02-26,2425626
5675,135,2023-03-13,2890581
5676,545,2023-01-07,2840928
5677,193,2023-04-29,839745
5678,538,2023-04-24,2426196
5679,547,2023-01-16,98840
5680,307,2023-03-24,1234343
5681,453,2023-06-28,181297
5682,491,2023-03-13,2989656
5683,432,2023-05-04,1951375
5684,405,2023-04-23,69156
5685,450,2023-01-12,2325433
5686,313,2023-05-06,2204605
5687,259,2023-02-22,1751765
5688,542,2023-03-16,45938
5689,545,2023-05-13,2176316
5690,124,2023-01-27,2564898
5691,504,2023-05-20,2107001
5692,393,2023-05-25,2840711
5693,104,2023-05-14,2701722
5694,320,2023-04-07,422681
5695,464,2023-01-05,1751530
5696,482,2023-02-26,1184395
5697,120,2023-06-05,2599025
5698,544,2023-03-19,161900
5699,252,2023-03-10,1378308
5700,150,2023-04-28,2914805
5701,277,2023-04-30,2521579
5702,535,2023-02-28,2655009
5703,196,2023-02-02,2155012
5704,205,2023-03-03,2319782
5705,520,2023-02-19,1591801
5706,350,2023-04-22,2038391
5707,217,2023-01-19,688875
5708,454,2023-05-03,615983
5709,328,2023-02-16,273078
5710,166,2023-06-16,2884039
5711,435,2023-02-02,388893
5712,518,2023-05-21,1224552
5713,520,2023-03-25,735295
5714,362,2023-05-15,1898798
5715,395,2023-03-20,1012652
5716,526,2023-01-14,1074212
5717,343,2023-05-27,2378730
5718,471,2023-05-08,2100563
5719,286,2023-02-23,1988972
5720,346,2023-05-28,303816
5721,225,2023-01-29,1860820
5722,368,2023-01-24,541393
5723,231,2023-03-23,1069230
5724,337,2023-03-04,2696073
5725,118,2023-04-15,2697374
5726,140,2023-02-26,2744903
5727,121,2023-05-16,145851
5728,499,2023-03-03,2670527
5729,325,2023-06-06,686978
5730,455,2023-01-17,814878
5731,382,2023-03-07,2073262
5732,108,2023-01-06,1957135
5733,200,2023-02-27,2428163
5734,340,2023-03-10,2561396
5735,578,2023-06-05,2275424
5736,187,2023-03-03,246179
5737,398,2023-06-18,894506
5738,528,2023-03-23,2092171
5739,114,2023-06-18,1785401
5740,434,2023-06-26,1286084
5741,102,2023-06-26,1711286
5742,475,2023-03-12,370036
5743,393,2023-05-11,2499340
5744,425,2023-01-10,2156300
5745,522,2023-04-08,1937936
5746,593,2023-03-30,1220346
5747,141,2023-02-04,2552838
5748,418,2023-01-02,505287
5749,416,2023-05-04,2039990
5750,481,2023-01-24,1780399
5751,211,2023-03-15,315901
5752,114,2023-06-15,2195164
5753,331,2023-01-22,1961758
5754,573,2023-06-03,2173268
5755,184,2023-06-20,2261385
5756,230,2023-02-08,1100728
5757,331,2023-06-06,2223531
5758,426,2023-01-20,1295481
5759,245,2023-02-10,1089412
5760,479,2023-05-28,241439
5761,445,2023-04-18,2052623
5762,128,2023-05-27,1255296
5763,166,2023-03-25,2092072
5764,263,2023-04-21,1210411
5765,329,2023-03-07,2973028
5766,361,2023-06-07,637397
5767,549,2023-02-22,1211605
5768,524,2023-02-03,417595
5769,560,2023-05-30,2014039
5770,540,2023-03-08,2723458
5771,264,2023-05-14,1751041
5772,401,2023-01-27,1772289
5773,507,2023-01-10,1938796
5774,403,2023-03-14,2437209
5775,387,2023-04-06,546925
5776,495,2023-02-17,2583146
5777,110,2023-03-11,2945609
5778,295,2023-04-10,776547
5779,218,2023-02-28,2478804
5780,370,2023-01-02,626752
5781,180,2023-06-06,1359462
5782,558,2023-03-06,2653271
5783,193,2023-03-24,2230920
5784,366,2023-06-03,2888423
5785,432,2023-01-10,2994463
5786,450,2023-02-22,1943378
5787,461,2023-03-20,984266
5788,357,2023-02-28,649112
5789,233,2023-05-30,1036462
5790,376,2023-06-28,1157317
5791,364,2023-02-17,1385764
5792,271,2023-05-29,2977532
5793,560,2023-05-03,2186354
5794,101,2023-01-22,319189
5795,413,2023-04-10,2334546
5796,164,2023-04-08,1579049
5797,474,2023-06-07,1962517
5798,568,2023-01-25,2274851
5799,384,2023-01-28,2394494
5800,221,2023-04-23,875953
5801,207,2023-02-14,524655
5802,521,2023-03-09,256824
5803,275,2023-01-07,1087979
5804,585,2023-02-18,373699
5805,304,2023-05-17,1708124
5806,265,2023-06-13,2746826
5807,405,2023-03-24,1826242
5808,597,2023-05-09,2515997
5809,220,2023-05-18,113246
5810,144,2023-06-13,1164440
5811,412,2023-03-14,228886
5812,256,2023-02-15,2387713
5813,467,2023-04-16,1449608
5814,307,2023-06-09,1234413
5815,490,2023-02-01,880931
5816,208,2023-01-06,2304798
5817,351,2023-06-25,1040332
5818,545,2023-06-15,1552337
5819,504,2023-05-25,803566
5820,470,2023-03-15,2931259
5821,434,2023-04-24,2087791
5822,230,2023-01-27,555620
5823,557,2023-02-23,799105
5824,393,2023-06-27,2922761
5825,120,2023-06-12,936992
5826,382,2023-03-26,240326
5827,385,2023-05-07,2840959
5828,101,2023-06-02,1330425
5829,219,2023-06-05,339248
5830,135,2023-04-21,2463631
5831,298,2023-01-15,1466743
5832,585,2023-05-12,1306050
5833,345,2023-04-03,310477
5834,159,2023-05-03,2400969
5835,425,2023-03-14,920853
5836,261,2023-06-04,1633734
5837,597,2023-06-03,273017
5838,279,2023-05-27,671824
5839,306,2023-04-02,353245
5840,112,2023-01-17,2926405
5841,590,2023-02-12,1692341
5842,376,2023-05-01,1456803
5843,281,2023-02-10,394842
5844,342,2023-06-19,2490856
5845,316,2023-06-27,1462627
5846,351,2023-06-17,2397942
5847,399,2023-02-08,2240929
5848,226,2023-04-23,1670224
5849,582,2023-05-31,1368055
5850,317,2023-04-21,875783
5851,406,2023-06-29,921366
5852,385,2023-02-16,2250653
5853,285,2023-03-04,1372670
5854,139,2023-04-20,604942
5855,323,2023-03-10,389566
5856,284,2023-02-12,1440654
5857,595,2023-06-25,2237127
5858,527,2023-02-03,743503
5859,278,2023-02-09,1695190
5860,507,2023-03-02,368848
5861,528,2023-06-27,2017179
5862,394,2023-03-03,1501177
5863,440,2023-02-27,186991
5864,251,2023-06-10,116952
5865,484,2023-03-16,2450412
5866,226,2023-01-16,485806
5867,401,2023-03-23,896058
5868,408,2023-04-04,1739759
5869,436,2023-02-17,2163167
5870,534,2023-05-18,122877
5871,334,2023-03-23,1346059
5872,480,2023-02-07,413922
5873,475,2023-05-07,2788240
5874,108,2023-01-19,944501
5875,598,2023-06-13,1565329
5876,441,2023-03-04,2832920
5877,229,2023-03-18,411670
5878,364,2023-06-23,451739
5879,257,2023-05-11,1714512
5880,452,2023-04-12,631796
5881,458,2023-03-06,759127
5882,105,2023-04-30,1370339
5883,595,2023-04-01,60633
5884,186,2023-01-08,1277302
5885,275,2023-06-28,1071893
5886,390,2023-03-14,327124
5887,293,2023-05-14,2947699
5888,411,2023-04-17,1898166
5889,219,2023-03-30,731323
5890,318,2023-02-08,1436084
5891,527,2023-04-23,2841105
5892,558,2023-01-28,2537028
5893,514,2023-04-07,1892204
5894,214,2023-02-06,1920946
5895,566,2023-05-17,946109
5896,245,2023-03-23,1280945
5897,126,2023-02-25,728669
5898,236,2023-03-26,2144195
5899,403,2023-01-02,53635
5900,332,2023-02-27,2327539
5901,469,2023-04-17,2616882
5902,176,2023-05-03,1026891
5903,575,2023-06-17,747467
5904,428,2023-06-13,475796
5905,445,2023-04-24,2043969
5906,402,2023-04-17,1017057
5907,552,2023-02-06,1107812
5908,389,2023-03-20,1334870
5909,101,2023-04-02,2923007
5910,247,2023-01-18,574280
5911,387,2023-04-08,1965548
5912,564,2023-03-04,2232292
5913,242,2023-05-30,195993
5914,153,2023-05-19,1714089
5915,404,2023-01-04,2970501
5916,169,2023-05-15,1404410
5917,461,2023-03-02,1364955
5918,190,2023-04-17,2327199
5919,546,2023-02-23,1611986
5920,320,2023-03-29,306100
5921,550,2023-03-09,83879
5922,598,2023-05-09,2700000
5923,292,2023-02-24,2068880
5924,554,2023-01-03,2489606
5925,163,2023-06-15,744045
5926,173,2023-05-01,1065533
5927,261,2023-05-09,1305844
5928,269,2023-04-12,499280
5929,189,2023-02-07,1576232
5930,276,2023-03-26,807600
5931,369,2023-06-06,327268
5932,173,2023-05-13,2787544
5933,345,2023-04-02,1383517
5934,177,2023-01-21,1505619
5935,259,2023-04-19,1858524
5936,589,2023-02-16,1219399
5937,559,2023-03-25,2671813
5938,424,2023-03-24,142026
5939,198,2023-02-04,947890
5940,481,2023-03-10,1301507
5941,202,2023-05-09,1788753
5942,594,2023-05-20,2624684
5943,232,2023-01-27,755053
5944,202,2023-02-25,582167
5945,119,2023-01-23,331741
5946,554,2023-06-02,976636
5947,582,2023-01-21,23626
5948,182,2023-03-02,1678800
5949,497,2023-03-04,1563971
5950,589,2023-05-02,1827737
5951,379,2023-02-21,2325289
5952,439,2023-03-29,2864472
5953,465,2023-06-02,1647008
5954,431,2023-02-24,164454
5955,229,2023-02-15,456442
5956,444,2023-02-01,274043
5957,410,2023-02-24,663198
5958,555,2023-04-06,2580079
5959,189,2023-05-13,640343
5960,313,2023-02-05,1456909
5961,243,2023-04-20,750070
5962,165,2023-06-26,2924979
5963,176,2023-04-16,1865733
5964,299,2023-02-27,1626325
5965,243,2023-02-08,130084
5966,505,2023-03-21,1034391
5967,503,2023-04-07,2463028
5968,416,2023-04-23,493006
5969,193,2023-03-02,1410277
5970,573,2023-05-17,2974844
5971,517,2023-01-06,1752626
5972,405,2023-04-19,2904991
5973,324,2023-02-04,93568
5974,597,2023-02-08,1217442
5975,391,2023-05-30,1219529
5976,528,2023-06-18,1810228
5977,202,2023-04-28,2878210
5978,574,2023-01-05,2343176
5979,367,2023-06-19,1249351
5980,455,2023-03-28,981858
5981,556,2023-03-17,2208440
5982,210,2023-06-07,491678
5983,562,2023-02-26,1449740
5984,430,2023-05-07,1842700
5985,550,2023-01-29,34390
5986,530,2023-06-14,517619
5987,365,2023-03-28,238547
5988,103,2023-05-21,571595
5989,185,2023-06-09,247436
5990,382,2023-02-15,2342273
5991,428,2023-04-26,2104820
5992,404,2023-04-22,2368215
5993,550,2023-05-31,1615350
5994,554,2023-02-14,1442533
5995,512,2023-05-25,2345452
5996,217,2023-04-14,2221072
5997,321,2023-03-26,1805430
5998,254,2023-05-14,1038056
5999,253,2023-04-18,1413488
6000,112,2023-01-18,948252
6001,233,2023-04-04,607073
6002,582,2023-05-30,620338
6003,404,2023-02-02,567026
6004,393,2023-06-07,94231
6005,563,2023-05-06,2190758
6006,400,2023-06-09,1372382
6007,328,2023-06-19,1870131
6008,371,2023-05-02,513896
6009,143,2023-05-18,2273840
6010,532,2023-04-25,2613050
6011,443,2023-06-13,2279555
6012,426,2023-06-11,2818610
6013,402,2023-01-28,1100132
6014,598,2023-01-11,1327046
6015,464,2023-06-16,1745812
6016,479,2023-02-16,596250
6017,527,2023-05-07,1682918
6018,593,2023-05-27,537200
6019,121,2023-04-28,1616963
6020,507,2023-05-23,1304519
6021,207,2023-05-06,950220
6022,436,2023-06-05,203683
6023,403,2023-06-01,1383864
6024,217,2023-03-13,552125
6025,224,2023-04-17,1249003
6026,499,2023-05-17,1246947
6027,381,2023-06-24,1980220
6028,392,2023-02-02,792291
6029,303,2023-01-19,1053879
6030,151,2023-03-15,2743853
6031,371,2023-06-17,2168164
6032,424,2023-06-24,2247345
6033,377,2023-06-06,238168
6034,241,2023-06-27,168178
6035,570,2023-04-08,78123
6036,375,2023-05-21,2228977
6037,390,2023-05-09,1237309
6038,434,2023-06-11,2887543
6039,481,2023-04-03,2342018
6040,552,2023-06-25,958624
6041,596,2023-02-17,1219438
6042,473,2023-06-26,2700095
6043,152,2023-03-05,735003
6044,594,2023-03-02,1686312
6045,127,2023-06-06,2295598
6046,257,2023-02-08,718267
6047,339,2023-05-08,316956
6048,256,2023-03-29,856002
6049,391,2023-01-26,1381621
6050,236,2023-01-17,1190642
6051,244,2023-03-12,410508
6052,206,2023-01-13,1774187
6053,520,2023-03-10,1789107
6054,258,2023-01-26,56160
6055,246,2023-02-18,39156
6056,102,2023-01-07,2590348
6057,533,2023-02-27,2582688
6058,177,2023-02-18,2790441
6059,232,2023-04-13,479822
6060,190,2023-02-22,1299802
6061,445,2023-03-03,1834630
6062,450,2023-01-17,1530267
6063,559,2023-06-20,739701
6064,363,2023-01-25,901809
6065,451,2023-05-11,325007
6066,208,2023-01-29,757197
6067,174,2023-04-27,2182591
6068,139,2023-06-09,665649
6069,497,2023-01-26,232986
6070,259,2023-05-04,1951184
6071,171,2023-05-24,49777
6072,547,2023-01-25,440661
6073,412,2023-02-23,218110
6074,341,2023-06-05,1053981
6075,526,2023-03-14,434627
6076,545,2023-04-30,2823089
6077,398,2023-02-25,2395163
6078,540,2023-03-06,710568
6079,136,2023-04-03,1714408
6080,184,2023-03-27,1731303
6081,552,2023-03-21,579650
6082,474,2023-06-18,2367601
6083,363,2023-04-18,2430884
6084,410,2023-06-28,1237933
6085,485,2023-04-28,1719547
6086,272,2023-06-06,2897597
6087,476,2023-03-24,225827
6088,273,2023-05-27,2320070
6089,462,2023-06-18,362424
6090,147,2023-06-22,1481659
6091,479,2023-01-15,2960107
6092,241,2023-05-11,2070241
6093,475,2023-05-19,760045
6094,506,2023-06-30,1176245
6095,218,2023-06-23,752318
6096,377,2023-01-30,178998
6097,314,2023-02-26,1696079
6098,320,2023-05-26,642995
6099,493,2023-06-28,2023011
6100,126,2023-05-08,2010094
6101,109,2023-02-17,2362999
6102,371,2023-05-16,1296120
6103,110,2023-01-22,996006
6104,572,2023-01-06,894168
6105,478,2023-04-14,287614
6106,221,2023-02-05,1214601
6107,225,2023-03-20,1828516
6108,270,2023-04-26,976011
6109,172,2023-02-26,812955
6110,252,2023-02-18,1286571
6111,308,2023-06-22,1781126
6112,149,2023-03-23,313313
6113,254,2023-03-07,1638505
6114,447,2023-03-18,174062
6115,393,2023-02-14,1622525
6116,168,2023-03-20,1737355
6117,150,2023-01-20,874032
6118,252,2023-05-03,1696483
6119,119,2023-03-08,2674525
6120,200,2023-03-24,726014
6121,160,2023-01-03,1467922
6122,267,2023-03-05,153114
6123,302,2023-02-09,2973718
6124,445,2023-02-28,511638
6125,246,2023-03-03,2674917
6126,503,2023-05-12,1907717
6127,264,2023-03-01,704076
6128,558,2023-04-26,1408857
6129,581,2023-03-16,159133
6130,539,2023-05-02,2882862
6131,342,2023-04-17,365165
6132,169,2023-04-06,1482597
6133,275,2023-04-01,290001
6134,149,2023-06-07,1735556
6135,583,2023-05-10,1601041
6136,208,2023-03-03,443327
6137,326,2023-02-18,1419298
6138,261,2023-05-17,1682805
6139,219,2023-04-02,802409
6140,249,2023-06-08,1737826
6141,565,2023-05-04,2461724
6142,250,2023-03-02,670332
6143,532,2023-02-17,733391
6144,393,2023-06-02,1581232
6145,243,2023-06-13,525350
6146,519,2023-05-16,357164
6147,576,2023-02-27,2783779
6148,555,2023-04-11,2878214
6149,260,2023-04-22,2254967
6150,111,2023-06-22,2040880
6151,238,2023-03-03,2744915
6152,557,2023-02-08,2821285
6153,178,2023-02-27,2436338
6154,177,2023-04-09,69476
6155,541,2023-02-13,2407848
6156,354,2023-01-29,2837754
6157,509,2023-02-28,1507564
6158,358,2023-03-12,2029810
6159,420,2023-04-02,2801460
6160,391,2023-01-09,1275959
6161,363,2023-05-07,89093
6162,185,2023-05-14,2133687
6163,246,2023-06-06,2445786
6164,423,2023-05-25,1639426
6165,142,2023-05-24,1449762
6166,474,2023-05-11,276323
6167,225,2023-01-21,1944088
6168,267,2023-03-05,2376068
6169,525,2023-03-31,2831047
6170,341,2023-02-05,2158421
6171,559,2023-03-03,1149250
6172,587,2023-06-19,848894
6173,380,2023-03-17,940631
6174,288,2023-06-19,305291
6175,402,2023-01-13,2555896
6176,119,2023-01-11,1669959
6177,168,2023-02-23,2885612
6178,318,2023-01-16,2208077
6179,202,2023-01-08,610669
6180,142,2023-04-14,1310906
6181,388,2023-02-28,1082307
6182,267,2023-02-26,1455367
6183,209,2023-02-09,1560450
6184,594,2023-05-10,1709576
6185,136,2023-04-04,285976
6186,332,2023-05-18,1625196
6187,329,2023-02-13,32467
6188,453,2023-05-19,1109601
6189,264,2023-03-21,1212755
6190,487,2023-03-22,1065851
6191,173,2023-01-02,97994
6192,236,2023-06-27,114202
6193,453,2023-05-20,2684921
6194,479,2023-04-25,1667982
6195,170,2023-03-31,1454730
6196,525,2023-01-23,464854
6197,587,2023-05-26,2866139
6198,296,2023-03-03,180185
6199,369,2023-04-23,2201515
6200,149,2023-05-08,1978615
6201,416,2023-03-03,2442340
6202,230,2023-02-07,2328179
6203,544,2023-06-15,998534
6204,105,2023-03-02,293958
6205,528,2023-05-09,2389320
6206,127,2023-06-22,915668
6207,260,2023-06-05,2699276
6208,249,2023-05-29,1338155
6209,364,2023-05-02,1004588
6210,330,2023-04-20,275095
6211,300,2023-01-13,501632
6212,150,2023-06-04,1329752
6213,167,2023-04-10,2366869
6214,400,2023-05-15,1101516
6215,481,2023-01-22,549954
6216,158,2023-03-15,929834
6217,359,2023-06-30,2323869
6218,442,2023-05-12,1431910
6219,426,2023-01-23,1431188
6220,230,2023-04-29,46505
6221,315,2023-03-11,2564755
6222,272,2023-03-25,849601
6223,358,2023-04-11,1272930
6224,202,2023-03-25,1670375
6225,309,2023-06-10,1895530
6226,391,2023-01-28,232204
6227,454,2023-05-16,2366988
6228,571,2023-01-01,2876001
6229,386,2023-06-14,548168
6230,216,2023-03-04,2553822
6231,364,2023-01-22,993215
6232,250,2023-03-11,587827
6233,400,2023-05-05,2357208
6234,542,2023-05-29,1287633
6235,136,2023-04-06,527800
6236,553,2023-06-12,1173419
6237,433,2023-03-20,2046182
6238,577,2023-01-05,463942
6239,387,2023-03-01,68784
6240,403,2023-04-30,2230186
6241,411,2023-02-15,2029413
6242,308,2023-06-27,2551196
6243,206,2023-06-25,1793462
6244,546,2023-05-14,73997
6245,258,2023-02-25,2110053
6246,221,2023-04-20,201413
6247,155,2023-06-06,1480865
6248,500,2023-04-14,1433119
6249,112,2023-03-18,820981
6250,245,2023-05-26,2069875
6251,500,2023-01-02,2960504
6252,496,2023-01-08,760686
6253,236,2023-03-16,1537307
6254,568,2023-05-05,2901904
6255,103,2023-02-07,1482108
6256,244,2023-06-25,2274407
6257,130,2023-01-27,900292
6258,337,2023-01-20,568912
6259,379,2023-05-20,1547573
6260,448,2023-02-12,590993
6261,215,2023-01-31,1682190
6262,204,2023-04-01,866822
6263,218,2023-03-02,2185521
6264,105,2023-04-19,1270469
6265,568,2023-04-01,1340309
6266,460,2023-06-12,1705876
6267,348,2023-04-05,1928189
6268,464,2023-05-23,720146
6269,421,2023-05-24,2867198
6270,221,2023-01-13,2765151
6271,386,2023-04-23,2193577
6272,249,2023-02-04,2016366
6273,184,2023-05-29,2613449
6274,554,2023-06-07,1608858
6275,506,2023-02-17,1038543
6276,566,2023-02-04,131915
6277,556,2023-03-27,405105
6278,331,2023-06-15,2600566
6279,388,2023-06-08,1173248
6280,261,2023-06-01,2930223
6281,372,2023-04-24,338821
6282,560,2023-06-26,52930
6283,138,2023-04-10,1141889
6284,600,2023-06-09,769211
6285,326,2023-04-09,2013384
6286,242,2023-01-03,2350063
6287,392,2023-03-26,1164634
6288,581,2023-05-05,2205028
6289,251,2023-05-18,629654
6290,214,2023-03-24,557691
6291,337,2023-01-25,792838
6292,166,2023-03-09,281420
6293,461,2023-03-02,497843
6294,441,2023-01-29,355639
6295,358,2023-05-07,2280156
6296,575,2023-01-19,378234
6297,349,2023-06-20,1367421
6298,557,2023-03-15,416601
6299,549,2023-03-02,1845260
6300,431,2023-06-20,2085306
6301,423,2023-06-02,601529
6302,280,2023-01-20,2782879
6303,290,2023-02-17,2182182
6304,507,2023-03-28,1232980
6305,254,2023-06-01,1275973
6306,296,2023-05-19,2596854
6307,566,2023-04-20,125185
6308,411,2023-01-28,75182
6309,362,2023-02-28,1697465
6310,519,2023-05-13,723023
6311,506,2023-02-20,872318
6312,527,2023-05-29,2463144
6313,243,2023-01-12,2961276
6314,442,2023-02-19,1892508
6315,416,2023-05-12,2937369
6316,201,2023-04-23,628434
6317,344,2023-06-19,1026630
6318,590,2023-06-15,2605347
6319,112,2023-06-02,592285
6320,339,2023-01-14,164375
6321,149,2023-02-01,1539644
6322,142,2023-05-19,55187
6323,266,2023-05-26,1009280
6324,182,2023-06-04,677253
6325,529,2023-02-24,1737689
6326,391,2023-04-30,1538560
6327,258,2023-03-16,1914420
6328,316,2023-01-21,2894918
6329,590,2023-06-21,561797
6330,258,2023-05-13,88653
6331,562,2023-03-28,712289
6332,234,2023-06-18,2383338
6333,167,2023-02-28,1262222
6334,436,2023-03-30,1816218
6335,107,2023-05-30,2404318
6336,536,2023-03-24,1824898
6337,114,2023-03-06,572226
6338,173,2023-03-05,924603
6339,499,2023-03-12,280710
6340,505,2023-01-04,1300896
6341,263,2023-05-23,2965304
6342,166,2023-04-14,2829317
6343,447,2023-05-30,2060403
6344,230,2023-06-24,1473953
6345,519,2023-04-03,958193
6346,566,2023-06-23,1425419
6347,306,2023-05-22,1563103
6348,376,2023-06-27,1798244
6349,566,2023-05-28,608033
6350,356,2023-06-27,1200859
6351,366,2023-04-22,413445
6352,125,2023-06-10,2558910
6353,550,2023-04-29,2000425
6354,381,2023-02-28,576107
6355,353,2023-02-12,2164931
6356,410,2023-01-12,2707024
6357,389,2023-02-09,1481742
6358,264,2023-04-28,2961616
6359,195,2023-01-20,2494370
6360,370,2023-06-15,1429993
6361,421,2023-05-11,2931620
6362,210,2023-06-05,2098937
6363,436,2023-03-31,2262516
6364,410,2023-04-04,547340
6365,338,2023-01-13,1375097
6366,481,2023-03-07,2075397
6367,536,2023-02-06,1267486
6368,487,2023-06-26,2447115
6369,583,2023-03-07,1968697
6370,525,2023-02-05,1045607
6371,490,2023-01-26,1215268
6372,125,2023-03-16,1099037
6373,241,2023-04-18,1035930
6374,217,2023-06-17,875695
6375,582,2023-02-12,132036
6376,492,2023-05-30,208674
6377,505,2023-05-28,2404819
6378,582,2023-01-08,909694
6379,552,2023-01-29,610348
6380,125,2023-02-09,2780911
6381,179,2023-06-07,1391446
6382,168,2023-05-08,929121
6383,273,2023-03-25,2160314
6384,544,2023-04-26,293497
6385,112,2023-05-24,2229465
6386,388,2023-06-23,2145629
6387,228,2023-03-03,1748506
6388,196,2023-01-07,2203525
6389,192,2023-02-14,713464
6390,241,2023-06-25,738730
6391,131,2023-06-04,1597415
6392,434,2023-06-30,88359
6393,120,2023-03-29,493919
6394,246,2023-03-14,1378356
6395,577,2023-06-12,1535719
6396,416,2023-06-28,836117
6397,547,2023-02-06,857566
6398,490,2023-04-29,2468212
6399,260,2023-02-26,1176543
6400,449,2023-01-08,114455
6401,143,2023-04-05,1529639
6402,354,2023-04-27,1243981
6403,230,2023-04-20,2356798
6404,160,2023-01-20,209937
6405,251,2023-05-04,2589464
6406,567,2023-02-22,2953340
6407,387,2023-04-29,2502159
6408,599,2023-01-12,2178344
6409,105,2023-06-26,2308910
6410,567,2023-01-17,855165
6411,518,2023-03-05,832425
6412,366,2023-02-11,1754428
6413,445,2023-04-04,306287
6414,230,2023-06-06,2063683
6415,482,2023-05-27,2832789
6416,367,2023-01-11,1573749
6417,278,2023-04-08,2298214
6418,353,2023-06-27,476104
6419,515,2023-03-12,2186503
6420,156,2023-04-18,254085
6421,563,2023-02-27,778171
6422,557,2023-02-03,518095
6423,571,2023-01-20,2187461
6424,183,2023-02-19,706093
6425,493,2023-04-12,1187732
6426,199,2023-05-18,2455296
6427,249,2023-06-09,1510424
6428,429,2023-02-21,41576
6429,256,2023-01-15,2783262
6430,290,2023-03-25,2744442
6431,594,2023-05-11,1055865
6432,471,2023-02-06,1348668
6433,363,2023-05-06,2757968
6434,180,2023-02-09,2811338
6435,500,2023-03-13,2206203
6436,352,2023-02-09,2931451
6437,197,2023-02-25,2052342
6438,360,2023-05-31,1815292
6439,360,2023-04-14,1850276
6440,203,2023-05-19,2320457
6441,140,2023-04-20,2574728
6442,373,2023-05-16,593722
6443,201,2023-04-03,2183769
6444,459,2023-04-04,661857
6445,480,2023-02-25,1800248
6446,408,2023-03-01,1952360
6447,321,2023-05-18,886164
6448,408,2023-02-08,2628026
6449,520,2023-01-28,1150070
6450,224,2023-02-18,1812841
6451,522,2023-06-13,621513
6452,331,2023-05-05,2200019
6453,278,2023-01-13,2285752
6454,163,2023-02-05,799957
6455,585,2023-04-11,1933980
6456,216,2023-01-26,1527394
6457,291,2023-03-27,2999845
6458,162,2023-01-04,2732188
6459,356,2023-03-23,274265
6460,583,2023-06-15,539493
6461,107,2023-05-07,2281556
6462,255,2023-03-29,930913
6463,192,2023-05-07,2077017
6464,570,2023-04-30,673817
6465,114,2023-01-22,1016433
6466,555,2023-05-10,2055286
6467,329,2023-01-31,2601505
6468,186,2023-04-29,2381547
6469,233,2023-01-11,1954116
6470,283,2023-02-15,702387
6471,486,2023-04-06,1165958
6472,162,2023-01-10,499767
6473,319,2023-06-17,29583
6474,505,2023-05-08,594675
6475,346,2023-06-01,2653664
6476,330,2023-04-09,2964208
6477,179,2023-06-21,1517850
6478,249,2023-04-22,966803
6479,238,2023-03-01,2989053
6480,571,2023-03-28,2115598
6481,414,2023-05-25,1334861
6482,476,2023-03-06,698710
6483,523,2023-02-26,488298
6484,489,2023-04-16,156149
6485,165,2023-06-30,590303
6486,113,2023-01-09,1008651
6487,313,2023-01-22,996684
6488,574,2023-05-21,776556
6489,342,2023-03-30,2963486
6490,593,2023-06-25,1074153
6491,313,2023-01-18,826434
6492,281,2023-04-25,2167863
6493,438,2023-06-17,2680891
6494,585,2023-05-25,2610179
6495,273,2023-05-23,2821615
6496,260,2023-04-16,441863
6497,264,2023-01-15,579119
6498,565,2023-03-04,1824240
6499,583,2023-06-16,1951506
6500,597,2023-01-13,1983957
6501,288,2023-03-22,2362094
6502,495,2023-02-01,2212271
6503,291,2023-05-17,2970414
6504,505,2023-02-09,843265
6505,408,2023-05-28,2865376
6506,356,2023-03-23,1062137
6507,283,2023-03-18,2167907
6508,217,2023-03-17,1221988
6509,382,2023-06-21,871426
6510,296,2023-02-07,1656748
6511,134,2023-03-12,2987945
6512,152,2023-02-17,1610346
6513,212,2023-01-18,1122801
6514,352,2023-05-24,2307073
6515,182,2023-02-08,260617
6516,332,2023-03-30,625398
6517,327,2023-03-03,133606
6518,333,2023-05-21,1607514
6519,321,2023-04-19,1097506
6520,536,2023-03-22,761067
6521,513,2023-05-14,280102
6522,522,2023-03-18,1342521
6523,142,2023-03-31,1644224
6524,121,2023-01-14,167631
6525,142,2023-04-05,1363054
6526,497,2023-02-23,2353697
6527,213,2023-05-12,1746334
6528,205,2023-02-08,1867199
6529,292,2023-03-13,2397347
6530,117,2023-01-25,1658004
6531,220,2023-03-18,1749187
6532,493,2023-06-09,287291
6533,525,2023-06-15,1643372
6534,229,2023-04-30,1350363
6535,230,2023-02-22,123535
6536,160,2023-06-05,1067861
6537,148,2023-05-11,1365528
6538,129,2023-05-30,1581014
6539,197,2023-04-06,742648
6540,110,2023-06-15,603247
6541,342,2023-03-13,415065
6542,414,2023-03-03,2447474
6543,544,2023-01-06,2839648
6544,332,2023-02-01,2727762
6545,377,2023-04-09,1899573
6546,384,2023-05-18,957687
6547,303,2023-05-11,1069708
6548,347,2023-03-17,771972
6549,390,2023-06-26,279427
6550,364,2023-02-28,2259155
6551,543,2023-01-31,802516
6552,314,2023-04-03,2377681
6553,300,2023-03-10,2561007
6554,533,2023-02-21,2370760
6555,179,2023-03-30,2875825
6556,501,2023-05-07,734261
6557,544,2023-06-18,1593908
6558,443,2023-01-31,2294915
6559,444,2023-03-25,251807
6560,273,2023-05-07,44363
6561,567,2023-05-30,414798
6562,169,2023-05-12,2065990
6563,516,2023-01-13,1004348
6564,528,2023-02-14,1405049
6565,549,2023-05-07,2118772
6566,187,2023-06-19,1392944
6567,201,2023-04-24,1518447
6568,108,2023-06-26,712894
6569,433,2023-01-20,1565288
6570,300,2023-03-22,1795565
6571,187,2023-06-13,2297476
6572,143,2023-05-09,1615123
6573,485,2023-05-23,40655
6574,209,2023-01-17,2019085
6575,535,2023-06-01,969133
6576,508,2023-02-27,2009690
6577,583,2023-03-13,470400
6578,252,2023-04-19,1090178
6579,117,2023-01-23,2989529
6580,233,2023-06-23,686470
6581,248,2023-03-13,1955854
6582,377,2023-01-08,1411538
6583,332,2023-02-28,2642977
6584,414,2023-04-21,2527506
6585,515,2023-01-13,1849074
6586,466,2023-06-16,2818714
6587,328,2023-06-05,191236
6588,239,2023-01-16,109743
6589,536,2023-04-29,467875
6590,499,2023-01-02,1975206
6591,311,2023-05-25,1158422
6592,491,2023-01-30,778795
6593,599,2023-04-13,834468
6594,128,2023-01-13,1784688
6595,151,2023-04-06,2977817
6596,591,2023-04-04,2724489
6597,542,2023-03-23,259647
6598,361,2023-01-13,1399401
6599,361,2023-06-20,309962
6600,450,2023-04-04,2966116
6601,452,2023-05-29,339849
6602,108,2023-04-22,564392
6603,420,2023-02-24,406480
6604,238,2023-03-22,1924611
6605,138,2023-06-17,2962609
6606,211,2023-04-26,1820200
6607,580,2023-05-23,444632
6608,468,2023-06-29,1592732
6609,320,2023-04-18,1960593
6610,437,2023-02-22,1529837
6611,323,2023-05-08,1378990
6612,236,2023-06-29,1271717
6613,356,2023-06-07,2760855
6614,460,2023-06-10,1511625
6615,509,2023-02-26,1400188
6616,429,2023-02-21,2548696
6617,550,2023-05-17,2964230
6618,563,2023-04-21,2838767
6619,534,2023-01-01,1357218
6620,551,2023-02-13,1689745
6621,149,2023-03-16,1482333
6622,392,2023-04-08,590217
6623,482,2023-01-09,143199
6624,424,2023-02-01,1300101
6625,178,2023-01-15,1356748
6626,205,2023-05-20,2146697
6627,269,2023-05-16,1672433
6628,317,2023-03-13,2148825
6629,478,2023-06-04,444190
6630,219,2023-01-12,2569267
6631,290,2023-03-06,1484889
6632,355,2023-04-17,908943
6633,470,2023-02-11,1423864
6634,366,2023-04-25,2140677
6635,249,2023-05-19,2699244
6636,264,2023-04-13,2263267
6637,240,2023-06-20,2683286
6638,447,2023-04-05,777600
6639,588,2023-01-17,2617979
6640,358,2023-06-09,2036307
6641,474,2023-03-26,2124417
6642,369,2023-06-17,829195
6643,281,2023-05-31,1275300
6644,260,2023-02-25,35733
6645,451,2023-05-14,918628
6646,500,2023-03-27,2416716
6647,388,2023-06-27,2107560
6648,388,2023-04-12,1046281
6649,480,2023-06-14,2781759
6650,326,2023-02-23,2575517
6651,111,2023-06-26,1089634
6652,110,2023-04-25,2363453
6653,371,2023-05-19,1365649
6654,373,2023-03-29,1021675
6655,524,2023-02-18,2077244
6656,502,2023-05-29,2279586
6657,283,2023-04-25,2727929
6658,557,2023-03-04,1677528
6659,253,2023-04-14,2194749
6660,588,2023-03-24,1861049
6661,415,2023-04-13,98209
6662,434,2023-06-05,644152
6663,224,2023-01-17,2265772
6664,573,2023-01-06,186562
6665,214,2023-05-27,2324310
6666,378,2023-01-28,2756598
6667,600,2023-02-07,996264
6668,514,2023-04-29,306453
6669,568,2023-02-06,1140831
6670,313,2023-04-25,2985483
6671,272,2023-03-09,1621582
6672,388,2023-06-26,245409
6673,535,2023-02-12,2357119
6674,274,2023-06-13,2810353
6675,213,2023-02-27,1011052
6676,476,2023-01-13,758925
6677,505,2023-02-21,2485849
6678,583,2023-02-27,2953865
6679,222,2023-02-01,2492747
6680,132,2023-04-15,1855775
6681,322,2023-03-24,1465687
6682,219,2023-04-09,602314
6683,139,2023-04-14,1973150
6684,597,2023-01-28,2525700
6685,368,2023-05-09,165693
6686,333,2023-06-19,1669734
6687,531,2023-02-17,930789
6688,118,2023-02-09,905621
6689,249,2023-04-07,2681942
6690,497,2023-04-24,318818
6691,249,2023-05-12,581548
6692,226,2023-06-15,980002
6693,492,2023-06-04,724824
6694,402,2023-05-17,2713245
6695,460,2023-04-21,2313143
6696,338,2023-05-24,1852500
6697,235,2023-03-17,205541
6698,251,2023-01-31,2134346
6699,336,2023-04-29,2799323
6700,324,2023-05-22,2975961
6701,303,2023-01-25,1723728
6702,356,2023-02-03,588011
6703,186,2023-03-08,488451
6704,250,2023-06-01,603526
6705,335,2023-04-28,279425
6706,445,2023-03-14,1698297
6707,122,2023-01-26,530609
6708,448,2023-05-28,2085331
6709,385,2023-04-14,320589
6710,369,2023-01-10,729163
6711,566,2023-03-08,2113333
6712,358,2023-06-01,650458
6713,129,2023-01-05,1988093
6714,313,2023-01-27,2464913
6715,563,2023-04-23,2330634
6716,536,2023-01-15,2957086
6717,383,2023-06-12,2941339
6718,150,2023-04-15,815911
6719,195,2023-06-30,619649
6720,563,2023-02-13,1745240
6721,599,2023-01-26,448910
6722,507,2023-06-24,101171
6723,188,2023-06-11,2493447
6724,144,2023-04-05,2203448
6725,561,2023-06-27,1209138
6726,378,2023-03-25,2269476
6727,271,2023-05-20,2615658
6728,521,2023-05-12,2779374
6729,289,2023-03-28,2358687
6730,453,2023-06-25,1400679
6731,284,2023-04-22,1472242
6732,103,2023-05-09,803258
6733,291,2023-03-30,1916999
6734,218,2023-03-07,1240575
6735,119,2023-06-07,2872889
6736,123,2023-05-11,1380573
6737,513,2023-05-02,1897887
6738,130,2023-05-29,1781201
6739,395,2023-03-25,2713801
6740,208,2023-06-26,2357180
6741,467,2023-04-26,1420507
6742,381,2023-04-26,1285832
6743,228,2023-02-07,60736
6744,329,2023-05-23,1355250
6745,211,2023-04-20,229124
6746,236,2023-06-29,2747520
6747,462,2023-02-15,2584462
6748,286,2023-01-25,2777398
6749,244,2023-01-21,408742
6750,172,2023-05-01,2341945
6751,229,2023-05-02,662911
6752,464,2023-05-13,696935
6753,361,2023-03-11,1705124
6754,103,2023-04-23,452859
6755,549,2023-04-17,421072
6756,488,2023-04-22,2548537
6757,204,2023-04-18,2115637
6758,583,2023-02-16,2808302
6759,324,2023-04-01,1407168
6760,420,2023-01-18,976010
6761,462,2023-05-29,763264
6762,454,2023-04-14,2577674
6763,591,2023-05-31,685329
6764,573,2023-02-09,294548
6765,110,2023-05-18,2575673
6766,505,2023-03-30,1497775
6767,484,2023-06-29,2287686
6768,402,2023-03-02,2398656
6769,331,2023-01-05,2989241
6770,319,2023-05-02,439503
6771,511,2023-06-30,2313696
6772,166,2023-02-24,1832901
6773,525,2023-02-06,178253
6774,212,2023-02-25,689745
6775,113,2023-04-12,1679537
6776,493,2023-04-03,1299898
6777,600,2023-03-14,2384840
6778,520,2023-02-28,791143
6779,186,2023-01-02,2523643
6780,334,2023-04-14,2704688
6781,190,2023-02-20,316694
6782,414,2023-01-30,1481433
6783,154,2023-01-11,2897389
6784,112,2023-04-18,1935029
6785,309,2023-03-17,1346325
6786,562,2023-06-16,516389
6787,114,2023-03-31,2167865
6788,221,2023-05-03,1406123
6789,518,2023-05-05,2962050
6790,537,2023-05-02,1596845
6791,477,2023-04-04,1008722
6792,120,2023-04-13,2057398
6793,175,2023-06-11,1970639
6794,500,2023-01-31,115335
6795,343,2023-02-21,2224593
6796,323,2023-03-30,1085560
6797,170,2023-03-17,2533128
6798,412,2023-05-09,2774036
6799,311,2023-01-22,2759894
6800,201,2023-02-09,111656
6801,286,2023-04-11,2182766
6802,232,2023-04-21,2284115
6803,211,2023-05-09,373153
6804,481,2023-03-06,2550200
6805,232,2023-06-19,1999442
6806,120,2023-05-29,1007938
6807,494,2023-03-20,2900229
6808,124,2023-01-22,956066
6809,327,2023-06-15,1002014
6810,254,2023-04-09,882839
6811,393,2023-01-08,2911194
6812,330,2023-06-24,1702245
6813,569,2023-01-17,1554710
6814,410,2023-01-17,1084367
6815,588,2023-03-31,1126623
6816,459,2023-05-21,254898
6817,505,2023-05-25,481122
6818,302,2023-06-15,695025
6819,138,2023-03-22,90246
6820,530,2023-03-19,1303531
6821,360,2023-06-22,2465444
6822,288,2023-01-06,2687330
6823,157,2023-06-12,1468586
6824,529,2023-04-20,1625752
6825,120,2023-01-14,590819
6826,373,2023-03-13,1970660
6827,219,2023-05-23,827040
6828,171,2023-02-23,2460282
6829,104,2023-01-27,1057886
6830,321,2023-01-13,2463292
6831,114,2023-06-08,2174828
6832,103,2023-06-12,1604424
6833,316,2023-03-01,1119044
6834,329,2023-01-06,1053388
6835,436,2023-02-27,2804975
6836,286,2023-02-18,471989
6837,155,2023-05-31,839555
6838,600,2023-06-11,685078
6839,488,2023-01-26,737997
6840,476,2023-02-16,2164751
6841,354,2023-01-05,168469
6842,124,2023-01-20,2357422
6843,262,2023-05-14,1136136
6844,258,2023-02-28,536394
6845,182,2023-05-26,2110825
6846,503,2023-05-12,540112
6847,259,2023-01-17,1123519
6848,288,2023-01-14,2724114
6849,160,2023-01-13,2666785
6850,503,2023-05-15,1318071
6851,405,2023-05-08,1118966
6852,419,2023-02-13,2438853
6853,466,2023-04-29,1070482
6854,311,2023-05-23,552249
6855,506,2023-01-19,2110178
6856,252,2023-03-04,209773
6857,209,2023-06-12,362808
6858,176,2023-03-22,1149775
6859,130,2023-06-12,2216916
6860,414,2023-05-27,2067298
6861,586,2023-05-28,1190933
6862,217,2023-04-10,1411449
6863,515,2023-06-12,2538929
6864,456,2023-06-09,2429864
6865,292,2023-05-02,879734
6866,119,2023-06-25,1032884
6867,532,2023-02-13,1687832
6868,273,2023-04-14,2277728
6869,328,2023-06-01,1892154
6870,450,2023-03-02,2727834
6871,283,2023-05-05,933605
6872,213,2023-05-25,1530399
6873,283,2023-03-12,36939
6874,581,2023-04-17,2076547
6875,246,2023-02-19,2561083
6876,419,2023-03-06,326604
6877,216,2023-04-09,2052656
6878,213,2023-02-01,2316446
6879,351,2023-06-13,2179271
6880,576,2023-05-21,2807833
6881,351,2023-02-27,1478251
6882,403,2023-05-08,1023750
6883,559,2023-05-22,1287403
6884,413,2023-06-14,1335777
6885,218,2023-04-22,169805
6886,401,2023-03-09,1874165
6887,261,2023-02-09,1890038
6888,501,2023-05-24,2267837
6889,298,2023-05-12,1701476
6890,360,2023-06-22,397224
6891,248,2023-03-31,1938036
6892,340,2023-01-28,499498
6893,147,2023-04-06,1204836
6894,575,2023-01-31,258178
6895,499,2023-01-03,279418
6896,298,2023-05-16,2146832
6897,147,2023-01-24,254433
6898,178,2023-01-15,2046199
6899,224,2023-06-20,384446
6900,175,2023-06-08,2584768
6901,459,2023-02-14,468934
6902,237,2023-01-08,2677885
6903,190,2023-03-12,1067725
6904,500,2023-04-18,1598660
6905,425,2023-04-25,1902226
6906,600,2023-04-13,1763067
6907,161,2023-05-05,1469915
6908,238,2023-02-26,2780734
6909,150,2023-01-30,2927658
6910,359,2023-05-26,2098038
6911,561,2023-04-24,1491617
6912,207,2023-04-27,843271
6913,213,2023-06-16,1962120
6914,450,2023-03-01,2709762
6915,354,2023-04-08,2959905
6916,218,2023-06-20,1702964
6917,593,2023-05-06,2536356
6918,298,2023-06-22,841939
6919,437,2023-05-31,119244
6920,465,2023-04-04,2505084
6921,151,2023-05-14,1478835
6922,345,2023-05-02,2520120
6923,503,2023-04-18,1268641
6924,526,2023-01-04,2169279
6925,135,2023-04-03,1012281
6926,402,2023-05-31,881864
6927,510,2023-01-06,1707040
6928,599,2023-02-01,2216274
6929,169,2023-04-16,2449700
6930,449,2023-05-26,1412652
6931,420,2023-01-15,641458
6932,521,2023-06-17,1551439
6933,568,2023-05-02,1841042
6934,149,2023-04-06,2093890
6935,505,2023-01-06,2737956
6936,174,2023-04-22,2624902
6937,292,2023-04-30,1176300
6938,361,2023-05-03,418008
6939,456,2023-03-08,1343957
6940,170,2023-04-16,1906594
6941,190,2023-05-19,1019291
6942,360,2023-02-12,1874260
6943,226,2023-05-25,2080356
6944,331,2023-04-06,2816647
6945,395,2023-05-12,2364693
6946,598,2023-03-22,1051328
6947,519,2023-02-10,2746087
6948,229,2023-05-13,1627895
6949,380,2023-06-09,194001
6950,413,2023-02-04,1396467
6951,200,2023-01-22,1519643
6952,426,2023-05-30,2434607
6953,397,2023-04-22,2622481
6954,282,2023-01-11,85867
6955,274,2023-01-03,108780
6956,416,2023-05-17,2715145
6957,464,2023-03-01,2961478
6958,288,2023-03-17,894072
6959,157,2023-03-28,2617805
6960,131,2023-01-14,2393887
6961,184,2023-01-18,20727
6962,252,2023-04-23,1039051
6963,573,2023-03-14,1434119
6964,136,2023-01-23,1180689
6965,313,2023-03-24,1288182
6966,514,2023-05-05,2509727
6967,508,2023-06-24,410732
6968,464,2023-03-10,2590746
6969,206,2023-02-16,2271743
6970,514,2023-04-26,2020398
6971,442,2023-01-30,1274179
6972,320,2023-01-25,2296158
6973,491,2023-06-05,1441525
6974,263,2023-04-22,1973097
6975,539,2023-01-25,2730807
6976,320,2023-03-15,2130417
6977,370,2023-02-27,1482417
6978,220,2023-04-04,1672486
6979,494,2023-04-29,2441188
6980,436,2023-05-07,695899
6981,500,2023-06-18,338774
6982,282,2023-01-25,506626
6983,579,2023-03-19,675313
6984,206,2023-04-09,631868
6985,317,2023-04-26,359606
6986,305,2023-02-17,2754836
6987,170,2023-01-10,1427757
6988,144,2023-04-09,1163886
6989,429,2023-01-11,1224656
6990,401,2023-03-26,758456
6991,328,2023-05-29,1158452
6992,284,2023-06-22,2666416
6993,207,2023-05-15,702986
6994,184,2023-05-06,380400
6995,438,2023-03-05,1431257
6996,350,2023-01-02,2308013
6997,463,2023-03-17,2750771
6998,541,2023-05-01,1787581
6999,121,2023-02-11,2368818
7000,296,2023-02-23,648151
7001,278,2023-03-16,977004
7002,517,2023-01-16,355510
7003,575,2023-01-18,472333
7004,107,2023-03-31,2067463
7005,170,2023-05-24,877617
7006,227,2023-01-06,70248
7007,499,2023-04-18,1274304
7008,566,2023-06-24,2061781
7009,260,2023-02-17,2197040
7010,348,2023-02-11,260346
7011,303,2023-03-17,638821
7012,248,2023-03-18,61954
7013,572,2023-05-12,371863
7014,243,2023-05-10,684164
7015,532,2023-02-28,1816641
7016,299,2023-06-04,282739
7017,505,2023-01-27,1633507
7018,526,2023-03-20,2441961
7019,254,2023-03-13,288116
7020,592,2023-01-07,1790330
7021,476,2023-04-21,484271
7022,484,2023-04-29,2666460
7023,242,2023-06-23,384765
7024,413,2023-03-04,1940382
7025,265,2023-05-04,2162064
7026,414,2023-01-12,32879
7027,121,2023-05-21,578086
7028,182,2023-02-12,1551618
7029,169,2023-01-17,721433
7030,231,2023-03-04,1406511
7031,187,2023-04-30,507947
7032,318,2023-02-05,2775362
7033,521,2023-01-08,179472
7034,572,2023-03-10,2111028
7035,405,2023-03-31,2915537
7036,503,2023-02-05,2747850
7037,471,2023-01-28,1718019
7038,445,2023-04-28,1799472
7039,441,2023-04-03,1321288
7040,484,2023-06-24,1936037
7041,496,2023-03-17,2417466
7042,545,2023-04-11,2346168
7043,525,2023-06-07,1954984
7044,261,2023-05-31,1358971
7045,278,2023-05-24,2777436
7046,217,2023-01-14,1116613
7047,296,2023-03-12,112115
7048,483,2023-06-29,2057701
7049,590,2023-05-04,502870
7050,427,2023-05-05,1138976
7051,186,2023-02-06,383308
7052,389,2023-01-29,1817038
7053,181,2023-05-23,2258926
7054,252,2023-06-24,35385
7055,161,2023-06-23,1628885
7056,161,2023-06-29,2625822
7057,454,2023-01-19,137369
7058,128,2023-04-16,764990
7059,542,2023-01-21,2206554
7060,143,2023-03-05,2761214
7061,269,2023-06-14,2370876
7062,523,2023-01-27,2857097
7063,186,2023-02-24,2821549
7064,277,2023-01-29,2251737
7065,117,2023-05-28,2887695
7066,198,2023-01-25,2785847
7067,554,2023-03-11,1768076
7068,594,2023-03-04,1172702
7069,298,2023-06-13,1670522
7070,198,2023-05-10,1234488
7071,165,2023-05-30,1067738
7072,430,2023-01-16,1886015
7073,441,2023-05-26,2043027
7074,105,2023-04-10,1187213
7075,102,2023-01-30,927153
7076,122,2023-02-14,2734660
7077,212,2023-01-19,1094969
7078,157,2023-02-03,1650344
7079,166,2023-05-21,1943298
7080,430,2023-06-20,1733043
7081,198,2023-03-03,541397
7082,244,2023-04-28,812425
7083,468,2023-04-10,1162226
7084,535,2023-01-22,1586772
7085,225,2023-06-29,72066
7086,267,2023-06-29,2491146
7087,186,2023-04-21,1897950
7088,176,2023-06-13,1084714
7089,444,2023-03-14,2235710
7090,595,2023-05-27,278480
7091,524,2023-02-07,2554895
7092,394,2023-03-11,1339910
7093,544,2023-04-26,1146998
7094,159,2023-03-20,1031214
7095,238,2023-05-28,2146238
7096,199,2023-01-09,2242756
7097,292,2023-02-01,1955822
7098,343,2023-05-12,1187900
7099,419,2023-02-19,2593937
7100,149,2023-03-23,2858122
7101,548,2023-01-05,1459641
7102,132,2023-05-28,23435
7103,491,2023-03-28,1956513
7104,377,2023-05-06,1908339
7105,120,2023-03-16,2832147
7106,254,2023-06-14,1490851
7107,483,2023-01-22,732917
7108,168,2023-03-09,2492753
7109,466,2023-02-13,2955973
7110,472,2023-02-03,2956598
7111,314,2023-03-18,312441
7112,243,2023-02-11,2685330
7113,476,2023-05-17,2400618
7114,332,2023-04-16,2677179
7115,313,2023-04-05,1471511
7116,179,2023-05-15,2720993
7117,314,2023-03-09,28314
7118,216,2023-05-27,638119
7119,192,2023-06-08,2939697
7120,370,2023-05-08,661462
7121,511,2023-06-12,2263581
7122,481,2023-03-26,2347089
7123,589,2023-06-08,564653
7124,268,2023-03-24,321173
7125,158,2023-04-05,1332457
7126,384,2023-06-30,413186
7127,126,2023-02-01,1798568
7128,469,2023-03-07,360362
7129,547,2023-04-26,2897118
7130,166,2023-05-18,785387
7131,509,2023-05-10,2358626
7132,348,2023-03-01,2245844
7133,354,2023-01-17,782790
7134,487,2023-04-06,1770093
7135,556,2023-05-24,2042327
7136,144,2023-01-16,1240682
7137,197,2023-02-15,1068870
7138,142,2023-06-16,831028
7139,600,2023-06-08,2215337
7140,327,2023-04-17,2915018
7141,362,2023-03-29,2175534
7142,267,2023-05-09,1368818
7143,536,2023-05-19,2646095
7144,379,2023-04-29,627317
7145,189,2023-03-26,1376948
7146,479,2023-01-04,2120923
7147,278,2023-03-12,1404819
7148,527,2023-06-03,1713675
7149,503,2023-04-21,994303
7150,297,2023-02-19,1872566
7151,407,2023-05-20,1036972
7152,367,2023-04-05,340580
7153,368,2023-04-02,669179
7154,174,2023-03-06,2896237
7155,108,2023-02-16,798760
7156,508,2023-06-30,2673816
7157,576,2023-04-16,1056658
7158,397,2023-05-10,500674
7159,264,2023-04-16,1146500
7160,585,2023-01-24,573620
7161,185,2023-01-04,2510297
7162,172,2023-04-18,413056
7163,155,2023-01-19,109031
7164,493,2023-06-03,203024
7165,147,2023-02-09,1096048
7166,499,2023-02-19,2177098
7167,532,2023-06-20,1567358
7168,338,2023-03-16,964353
7169,204,2023-01-12,2770677
7170,310,2023-01-27,1071341
7171,142,2023-04-23,325218
7172,416,2023-02-18,2482091
7173,568,2023-05-24,1694251
7174,554,2023-05-10,1843980
7175,368,2023-03-01,2610529
7176,486,2023-01-30,1986849
7177,363,2023-03-25,1741742
7178,436,2023-06-15,693616
7179,487,2023-01-28,386047
7180,465,2023-01-25,538790
7181,359,2023-04-06,1696443
7182,383,2023-05-05,2156491
7183,214,2023-01-10,324543
7184,463,2023-02-11,1476498
7185,140,2023-02-09,538993
7186,586,2023-03-18,732932
7187,517,2023-04-15,1547671
7188,320,2023-04-28,1001271
7189,229,2023-02-11,2249537
7190,108,2023-02-16,1012206
7191,201,2023-06-14,2258154
7192,516,2023-01-22,23285
7193,480,2023-04-17,2502933
7194,276,2023-01-27,2677303
7195,207,2023-02-10,1216352
7196,201,2023-03-21,1724491
7197,360,2023-06-11,1401688
7198,578,2023-06-09,1122491
7199,554,2023-03-30,2488839
7200,466,2023-03-07,685979
7201,346,2023-01-12,1272038
7202,375,2023-06-17,804278
7203,132,2023-03-14,1963508
7204,237,2023-03-17,527553
7205,112,2023-03-31,996778
7206,495,2023-01-10,2490562
7207,402,2023-04-06,2930323
7208,475,2023-06-25,2558076
7209,116,2023-01-20,1275802
7210,229,2023-02-08,1301745
7211,163,2023-03-01,551661
7212,209,2023-03-07,1922871
7213,475,2023-03-06,642215
7214,121,2023-06-28,1831049
7215,258,2023-05-04,366229
7216,369,2023-06-13,1186572
7217,262,2023-06-01,583508
7218,360,2023-06-04,2509799
7219,512,2023-05-10,1584547
7220,202,2023-06-08,551930
7221,323,2023-02-26,99971
7222,159,2023-03-19,1648420
7223,347,2023-01-29,1495552
7224,228,2023-01-15,1893200
7225,383,2023-01-12,1586049
7226,425,2023-04-11,417597
7227,125,2023-06-05,2869095
7228,231,2023-03-25,1481350
7229,453,2023-05-05,1361502
7230,296,2023-04-13,1335502
7231,381,2023-01-24,2863929
7232,504,2023-05-29,205784
7233,518,2023-05-18,1305412
7234,254,2023-04-20,2605313
7235,482,2023-03-19,1219110
7236,233,2023-04-11,866462
7237,327,2023-05-26,743879
7238,289,2023-05-22,2214621
7239,576,2023-06-11,1639814
7240,577,2023-05-08,1464315
7241,365,2023-02-27,1522718
7242,472,2023-03-17,1209325
7243,586,2023-05-30,2848340
7244,534,2023-02-05,1214737
7245,234,2023-06-22,2522275
7246,311,2023-06-13,418825
7247,160,2023-01-22,1775089
7248,528,2023-05-07,1905547
7249,477,2023-03-21,2554511
7250,495,2023-04-10,1091512
7251,550,2023-04-06,1905190
7252,531,2023-06-10,521477
7253,464,2023-06-22,917691
7254,464,2023-06-13,250596
7255,557,2023-05-28,1687906
7256,313,2023-01-18,819595
7257,316,2023-02-07,2899198
7258,326,2023-05-31,1736473
7259,570,2023-04-19,1615283
7260,231,2023-05-03,2847503
7261,176,2023-05-24,2762651
7262,576,2023-05-29,1453482
7263,386,2023-04-14,2322823
7264,574,2023-05-20,2642274
7265,596,2023-05-24,314358
7266,377,2023-03-22,1816870
7267,256,2023-03-28,2893798
7268,348,2023-05-22,546701
7269,318,2023-03-02,1602369
7270,290,2023-02-15,796041
7271,517,2023-02-01,1201753
7272,569,2023-01-15,1267752
7273,263,2023-02-13,410447
7274,280,2023-05-25,520850
7275,134,2023-06-18,1183473
7276,141,2023-02-23,1126984
7277,407,2023-02-13,136908
7278,531,2023-04-08,2363145
7279,438,2023-01-05,1672595
7280,414,2023-04-19,2622573
7281,175,2023-01-27,871563
7282,541,2023-04-26,870712
7283,379,2023-03-28,1186374
7284,276,2023-04-14,661142
7285,484,2023-05-03,257902
7286,250,2023-03-20,2437999
7287,373,2023-02-12,2591802
7288,425,2023-04-07,2180231
7289,208,2023-01-31,1614441
7290,239,2023-04-09,330258
7291,450,2023-01-17,502450
7292,371,2023-03-24,1918238
7293,447,2023-04-20,2633531
7294,519,2023-02-01,1756916
7295,389,2023-06-17,1135770
7296,312,2023-05-21,1539598
7297,481,2023-02-04,2229485
7298,372,2023-05-13,2679232
7299,518,2023-01-29,65807
7300,166,2023-03-11,1586089
7301,583,2023-06-02,1455986
7302,524,2023-04-05,680501
7303,348,2023-01-22,1578274
7304,256,2023-06-22,648580
7305,147,2023-03-10,667272
7306,523,2023-03-30,558065
7307,554,2023-03-13,2958287
7308,301,2023-05-09,329963
7309,248,2023-06-21,1203493
7310,224,2023-03-28,567578
7311,101,2023-04-06,1443271
7312,556,2023-03-16,443915
7313,347,2023-06-16,2292476
7314,443,2023-02-23,1953690
7315,228,2023-03-29,1727229
7316,291,2023-06-06,2760936
7317,167,2023-02-23,1571726
7318,104,2023-01-16,863521
7319,542,2023-04-09,2622332
7320,509,2023-01-20,2526976
7321,403,2023-02-15,2508009
7322,394,2023-05-07,217345
7323,243,2023-02-27,2920203
7324,291,2023-06-30,1670870
7325,121,2023-04-21,2887911
7326,327,2023-05-09,1345499
7327,413,2023-03-22,1512832
7328,217,2023-06-06,2626315
7329,537,2023-03-25,828062
7330,402,2023-03-11,659724
7331,600,2023-01-08,687538
7332,242,2023-01-29,433151
7333,584,2023-04-22,2033338
7334,560,2023-06-28,698387
7335,501,2023-06-10,2082624
7336,139,2023-05-11,471069
7337,493,2023-06-12,1967175
7338,455,2023-04-18,87359
7339,352,2023-04-19,2320612
7340,433,2023-01-20,2062749
7341,307,2023-03-14,1345831
7342,310,2023-06-16,804681
7343,215,2023-01-04,306305
7344,325,2023-01-19,925352
7345,234,2023-04-12,911255
7346,351,2023-06-22,1980022
7347,319,2023-06-20,2446609
7348,507,2023-05-21,2298598
7349,543,2023-05-21,437230
7350,191,2023-03-27,1673172
7351,454,2023-02-21,1901397
7352,476,2023-04-21,431377
7353,146,2023-06-30,1700664
7354,138,2023-04-19,2498843
7355,242,2023-03-27,782557
7356,200,2023-02-12,1093078
7357,428,2023-02-11,55757
7358,290,2023-03-31,2739713
7359,135,2023-04-25,602933
7360,247,2023-01-26,341199
7361,130,2023-05-31,1188391
7362,434,2023-02-12,946502
7363,184,2023-03-18,1431746
7364,469,2023-06-05,2449488
7365,381,2023-05-17,2298701
7366,524,2023-01-20,2285125
7367,444,2023-02-08,766631
7368,370,2023-06-28,49092
7369,254,2023-01-12,938746
7370,202,2023-01-11,677191
7371,315,2023-06-03,2430017
7372,250,2023-02-11,2407807
7373,532,2023-06-04,2189934
7374,183,2023-01-11,903435
7375,210,2023-02-07,1910576
7376,535,2023-04-08,1959309
7377,487,2023-06-20,227580
7378,526,2023-01-19,789032
7379,375,2023-05-14,1692992
7380,301,2023-06-23,567952
7381,384,2023-04-26,1843948
7382,568,2023-04-23,184244
7383,273,2023-06-19,496857
7384,427,2023-03-06,1132916
7385,306,2023-04-09,1680100
7386,163,2023-03-13,31017
7387,173,2023-02-21,1891621
7388,351,2023-04-28,2671788
7389,224,2023-06-24,2388787
7390,475,2023-04-30,229720
7391,221,2023-01-07,2238222
7392,375,2023-01-11,1820493
7393,531,2023-04-13,2379664
7394,600,2023-03-02,2152162
7395,498,2023-03-09,1715625
7396,220,2023-06-02,798928
7397,522,2023-05-20,1982160
7398,537,2023-06-03,1754872
7399,417,2023-04-12,1671722
7400,264,2023-04-20,2708445
7401,524,2023-05-20,57493
7402,565,2023-06-20,2842307
7403,386,2023-02-20,2651732
7404,365,2023-04-27,2800877
7405,420,2023-06-14,2640390
7406,261,2023-02-15,1170311
7407,476,2023-02-22,1615776
7408,408,2023-03-29,2088535
7409,189,2023-05-01,651581
7410,242,2023-01-13,1706519
7411,303,2023-03-30,641747
7412,409,2023-05-05,2515902
7413,327,2023-04-28,2864517
7414,589,2023-02-23,1301258
7415,543,2023-04-26,448886
7416,434,2023-04-28,249171
7417,322,2023-01-04,187558
7418,141,2023-03-16,1003061
7419,296,2023-02-18,316412
7420,168,2023-01-07,2224490
7421,576,2023-04-20,2591703
7422,364,2023-05-02,2405632
7423,102,2023-01-11,2907225
7424,461,2023-04-02,1363679
7425,225,2023-06-22,2261530
7426,210,2023-01-23,2294406
7427,186,2023-01-28,2715563
7428,525,2023-04-21,1518118
7429,220,2023-02-26,1820831
7430,227,2023-01-26,1614362
7431,355,2023-06-02,2088710
7432,283,2023-02-23,2144349
7433,116,2023-01-29,2793231
7434,577,2023-04-07,1027705
7435,162,2023-06-13,2225927
7436,469,2023-01-14,866056
7437,532,2023-03-19,2981761
7438,258,2023-02-04,2945548
7439,368,2023-01-30,2802540
7440,135,2023-04-02,336790
7441,367,2023-01-17,1936195
7442,164,2023-06-07,65712
7443,594,2023-04-03,2516641
7444,150,2023-06-22,353964
7445,569,2023-03-20,2242494
7446,355,2023-04-20,1684092
7447,249,2023-06-28,356497
7448,425,2023-04-12,507707
7449,404,2023-04-16,112091
7450,376,2023-02-16,1416634
7451,457,2023-06-30,1250478
7452,551,2023-03-05,913150
7453,272,2023-06-15,2527495
7454,517,2023-03-05,2331712
7455,301,2023-03-28,555827
7456,545,2023-01-07,952196
7457,493,2023-01-22,2069736
7458,424,2023-03-22,1344054
7459,135,2023-06-18,441743
7460,565,2023-03-15,1583482
7461,582,2023-05-18,1650872
7462,316,2023-05-15,1545068
7463,580,2023-05-05,1430038
7464,165,2023-02-19,439924
7465,108,2023-02-21,1734796
7466,401,2023-06-10,2003518
7467,443,2023-01-01,2184452
7468,531,2023-06-30,411407
7469,524,2023-06-11,827274
7470,432,2023-01-04,2155896
7471,538,2023-05-25,398226
7472,176,2023-05-12,2436738
7473,274,2023-06-20,1984078
7474,147,2023-01-04,2727430
7475,115,2023-01-01,1976678
7476,461,2023-03-12,2486213
7477,247,2023-06-27,2352127
7478,126,2023-02-04,2645090
7479,408,2023-01-08,2686557
7480,193,2023-06-01,1946252
7481,506,2023-02-05,2094278
7482,332,2023-06-27,2038852
7483,121,2023-05-03,809622
7484,407,2023-02-12,2165265
7485,138,2023-01-27,159861
7486,376,2023-02-01,1100701
7487,257,2023-03-19,1298343
7488,279,2023-05-01,2509296
7489,232,2023-05-26,710778
7490,411,2023-06-05,198157
7491,555,2023-06-06,1773897
7492,448,2023-01-16,2460395
7493,128,2023-04-09,2370959
7494,360,2023-02-16,631709
7495,506,2023-01-31,1785018
7496,176,2023-01-04,1861903
7497,529,2023-06-14,1249959
7498,167,2023-01-17,764854
7499,442,2023-02-08,2188169
7500,592,2023-02-17,2662800
7501,294,2023-06-23,2619546
7502,572,2023-06-25,1683229
7503,262,2023-02-08,1678332
7504,447,2023-05-12,277137
7505,539,2023-01-30,1369651
7506,461,2023-06-07,1124399
7507,357,2023-01-22,844464
7508,172,2023-03-07,791279
7509,187,2023-04-18,1087383
7510,522,2023-01-12,683431
7511,362,2023-02-05,597701
7512,314,2023-01-18,2798661
7513,253,2023-03-31,1608404
7514,310,2023-06-30,1825148
7515,501,2023-01-01,1138824
7516,161,2023-05-07,272515
7517,368,2023-03-31,1179070
7518,362,2023-03-28,2891083
7519,318,2023-03-31,629723
7520,383,2023-05-14,564075
7521,236,2023-03-11,303126
7522,567,2023-02-13,2367920
7523,480,2023-06-01,2664046
7524,462,2023-03-27,1996230
7525,549,2023-01-19,792783
7526,541,2023-04-11,2229375
7527,193,2023-05-26,1639800
7528,209,2023-04-05,946097
7529,341,2023-04-11,2003438
7530,455,2023-01-30,1019647
7531,524,2023-06-19,403609
7532,242,2023-02-02,1883082
7533,391,2023-01-12,2530963
7534,532,2023-04-28,2685634
7535,337,2023-04-04,1773313
7536,440,2023-06-04,2406149
7537,412,2023-06-16,2268885
7538,277,2023-05-17,1592088
7539,241,2023-05-29,2823005
7540,289,2023-03-17,2760164
7541,586,2023-01-29,1306353
7542,149,2023-06-10,2284719
7543,402,2023-04-27,1082279
7544,469,2023-01-15,990584
7545,290,2023-01-02,923923
7546,236,2023-06-29,1681342
7547,143,2023-04-27,839593
7548,504,2023-06-21,2493592
7549,480,2023-01-18,2355563
7550,453,2023-01-03,1471508
7551,190,2023-05-15,1044603
7552,395,2023-06-20,2936933
7553,441,2023-06-15,2688538
7554,345,2023-06-14,2099368
7555,533,2023-06-10,1399641
7556,292,2023-04-18,711898
7557,418,2023-04-05,644860
7558,206,2023-05-02,1036783
7559,463,2023-01-11,1337933
7560,410,2023-03-09,2292447
7561,482,2023-05-03,1946663
7562,333,2023-04-23,805786
7563,365,2023-04-08,2447667
7564,444,2023-04-03,1136850
7565,137,2023-01-22,2383430
7566,405,2023-06-21,1946436
7567,141,2023-05-07,583889
7568,117,2023-05-14,1928897
7569,444,2023-06-19,297834
7570,377,2023-01-25,1332629
7571,407,2023-03-26,1410752
7572,159,2023-02-24,556350
7573,523,2023-05-24,357530
7574,283,2023-04-05,1758667
7575,141,2023-05-22,1204801
7576,139,2023-06-16,2836112
7577,497,2023-06-05,2726421
7578,292,2023-06-28,648758
7579,367,2023-04-29,1752141
7580,594,2023-06-26,108887
7581,247,2023-01-09,855544
7582,495,2023-06-22,2259164
7583,433,2023-05-30,1914018
7584,227,2023-06-09,306629
7585,146,2023-02-11,2730739
7586,145,2023-02-22,2634689
7587,101,2023-03-15,1960592
7588,268,2023-02-08,2511435
7589,208,2023-05-02,2924191
7590,119,2023-01-15,2357643
7591,432,2023-06-06,1654461
7592,172,2023-05-03,2374960
7593,556,2023-04-21,2034601
7594,545,2023-05-11,1836418
7595,209,2023-03-24,778271
7596,368,2023-01-10,2907569
7597,545,2023-04-02,1766988
7598,340,2023-01-29,170635
7599,517,2023-02-04,722682
7600,401,2023-01-06,1040346
7601,190,2023-05-20,2833757
7602,203,2023-04-21,1906522
7603,576,2023-02-07,1349328
7604,350,2023-03-18,2829737
7605,553,2023-04-03,272773
7606,108,2023-05-27,2396517
7607,253,2023-03-08,854938
7608,447,2023-05-16,827400
7609,274,2023-01-08,409821
7610,443,2023-05-02,2330830
7611,258,2023-03-25,2297732
7612,593,2023-06-24,192903
7613,531,2023-05-12,2557675
7614,315,2023-06-28,122951
7615,277,2023-03-26,325745
7616,275,2023-02-14,1799892
7617,440,2023-05-16,2189330
7618,438,2023-03-28,2333535
7619,246,2023-01-16,1228402
7620,550,2023-03-18,2187045
7621,424,2023-01-09,368943
7622,578,2023-03-01,533223
7623,261,2023-03-19,1343921
7624,227,2023-03-18,940243
7625,520,2023-03-12,2356038
7626,182,2023-01-15,2552863
7627,585,2023-03-12,2542992
7628,247,2023-04-12,1210283
7629,339,2023-06-18,1602828
7630,512,2023-01-22,441001
7631,524,2023-06-01,2855309
7632,184,2023-04-23,32336
7633,213,2023-06-21,883907
7634,325,2023-01-01,1489204
7635,432,2023-01-10,2978963
7636,478,2023-04-20,868182
7637,343,2023-04-23,1945656
7638,243,2023-02-19,2999718
7639,141,2023-01-12,448670
7640,523,2023-03-30,869104
7641,358,2023-06-03,309372
7642,547,2023-04-22,34429
7643,385,2023-03-19,1152870
7644,205,2023-06-18,1252663
7645,302,2023-06-13,894506
7646,550,2023-05-01,863810
7647,407,2023-01-23,57310
7648,431,2023-06-20,2743267
7649,561,2023-05-14,219899
7650,366,2023-06-20,448472
7651,498,2023-01-25,227500
7652,310,2023-01-18,119862
7653,151,2023-05-21,1040498
7654,218,2023-02-12,2418185
7655,301,2023-03-19,1382148
7656,477,2023-01-28,2489798
7657,139,2023-05-26,2547575
7658,128,2023-02-28,2691695
7659,359,2023-03-04,387968
7660,184,2023-04-02,811841
7661,554,2023-06-28,1111014
7662,255,2023-02-25,261482
7663,217,2023-06-04,2882750
7664,102,2023-06-09,805372
7665,193,2023-04-21,2081439
7666,266,2023-05-17,2911453
7667,487,2023-03-09,2611628
7668,500,2023-02-15,732222
7669,450,2023-03-08,2598305
7670,396,2023-06-03,1880966
7671,358,2023-05-16,1275950
7672,181,2023-01-06,1820266
7673,525,2023-01-24,357766
7674,368,2023-06-25,1570531
7675,519,2023-04-04,101948
7676,335,2023-06-22,2371809
7677,421,2023-01-13,1668655
7678,411,2023-01-25,1635270
7679,401,2023-05-28,1109100
7680,563,2023-04-28,2271556
7681,574,2023-03-23,2227312
7682,457,2023-04-21,1215412
7683,313,2023-03-23,1751499
7684,162,2023-03-07,500891
7685,149,2023-02-14,1236018
7686,227,2023-04-24,588933
7687,323,2023-06-24,404903
7688,509,2023-03-04,801608
7689,379,2023-03-17,1154077
7690,508,2023-04-24,1186026
7691,394,2023-04-21,1788407
7692,384,2023-05-27,1347676
7693,377,2023-02-04,951398
7694,538,2023-02-22,2096664
7695,207,2023-01-26,1560710
7696,246,2023-01-14,1609573
7697,520,2023-04-28,2853770
7698,199,2023-02-14,2497724
7699,529,2023-06-21,2286898
7700,475,2023-02-20,1587043
7701,173,2023-06-20,120025
7702,537,2023-04-29,1219728
7703,586,2023-05-31,1563992
7704,222,2023-01-19,2301636
7705,130,2023-03-23,1979484
7706,288,2023-03-17,210043
7707,464,2023-04-02,2025789
7708,454,2023-02-02,2963430
7709,388,2023-05-27,787128
7710,551,2023-01-28,335104
7711,295,2023-05-03,2351774
7712,256,2023-06-29,454368
7713,272,2023-05-06,1940773
7714,435,2023-06-26,1903145
7715,141,2023-02-06,2854523
7716,163,2023-06-03,1187498
7717,123,2023-04-09,536576
7718,460,2023-04-08,1508204
7719,175,2023-05-07,1374596
7720,148,2023-06-17,2998131
7721,260,2023-03-21,2846176
7722,413,2023-02-07,2953811
7723,218,2023-03-18,1153009
7724,200,2023-05-06,2190856
7725,480,2023-03-28,551149
7726,517,2023-02-23,258366
7727,508,2023-05-30,344058
7728,267,2023-01-16,1132464
7729,390,2023-01-28,885718
7730,540,2023-06-12,2702733
7731,256,2023-06-22,233596
7732,521,2023-02-15,88515
7733,107,2023-03-13,436740
7734,296,2023-03-26,2386361
7735,521,2023-01-26,1233013
7736,156,2023-03-26,1913884
7737,421,2023-06-02,961208
7738,293,2023-03-06,208929
7739,147,2023-05-14,2987381
7740,248,2023-05-31,2358692
7741,375,2023-04-25,2080035
7742,257,2023-03-05,1684005
7743,302,2023-03-28,2073780
7744,544,2023-06-20,2363628
7745,502,2023-04-17,1433110
7746,576,2023-05-31,1427576
7747,519,2023-04-06,1921209
7748,527,2023-06-07,2543062
7749,595,2023-03-18,42995
7750,579,2023-05-26,898752
7751,575,2023-03-28,1673005
7752,226,2023-05-29,2069079
7753,495,2023-02-26,1732355
7754,405,2023-04-13,461168
7755,469,2023-05-31,709197
7756,394,2023-04-01,1772813
7757,164,2023-02-14,519471
7758,425,2023-06-21,1900695
7759,492,2023-03-29,775027
7760,518,2023-04-25,1105852
7761,276,2023-02-16,1627387
7762,216,2023-06-17,2433911
7763,540,2023-06-28,509858
7764,304,2023-06-19,30514
7765,586,2023-05-15,2164608
7766,421,2023-02-19,2124385
7767,131,2023-06-25,1331822
7768,488,2023-03-25,2950299
7769,213,2023-04-01,916977
7770,465,2023-05-14,648373
7771,534,2023-04-01,653389
7772,425,2023-05-17,1177260
7773,514,2023-04-19,1395520
7774,476,2023-02-26,2736377
7775,444,2023-01-31,2058170
7776,543,2023-01-21,1983853
7777,167,2023-03-31,1007886
7778,175,2023-02-09,147602
7779,145,2023-04-22,1981328
7780,360,2023-02-14,2929154
7781,254,2023-03-18,1370093
7782,255,2023-06-26,213691
7783,530,2023-03-28,2395339
7784,463,2023-05-28,2349514
7785,548,2023-04-11,2314160
7786,575,2023-04-27,301383
7787,334,2023-04-02,1210064
7788,151,2023-05-25,2985560
7789,406,2023-01-28,568694
7790,362,2023-06-18,1581023
7791,415,2023-01-25,2023146
7792,225,2023-02-27,2612440
7793,499,2023-02-10,499969
7794,345,2023-05-14,2326249
7795,130,2023-03-16,2511721
7796,526,2023-02-07,702346
7797,585,2023-05-14,1024411
7798,222,2023-06-22,821123
7799,225,2023-03-16,220919
7800,137,2023-05-22,2951659
7801,270,2023-03-07,219542
7802,224,2023-06-17,1740342
7803,457,2023-01-03,1839833
7804,135,2023-04-27,1970500
7805,187,2023-04-09,913061
7806,234,2023-06-01,1243045
7807,296,2023-01-19,667601
7808,374,2023-05-26,2924936
7809,301,2023-04-26,1956983
7810,469,2023-05-05,1424568
7811,385,2023-03-29,780956
7812,177,2023-02-04,2948583
7813,159,2023-01-01,183543
7814,531,2023-06-02,391557
7815,226,2023-06-22,519964
7816,600,2023-06-26,2171365
7817,501,2023-05-06,819458
7818,209,2023-03-30,2464480
7819,324,2023-05-24,25435
7820,596,2023-05-27,159565
7821,378,2023-05-31,2962905
7822,168,2023-01-25,940267
7823,169,2023-01-16,2148650
7824,265,2023-03-14,907977
7825,589,2023-05-09,580113
7826,405,2023-02-11,1347654
7827,497,2023-05-27,2647014
7828,262,2023-06-11,1762115
7829,465,2023-03-21,2159934
7830,442,2023-04-14,467628
7831,409,2023-05-26,1129137
7832,479,2023-02-03,2587592
7833,443,2023-03-30,484535
7834,535,2023-05-05,1560808
7835,487,2023-02-14,2668191
7836,142,2023-05-14,1368894
7837,454,2023-01-21,1977686
7838,516,2023-05-02,76572
7839,209,2023-03-11,1916424
7840,151,2023-04-06,2533595
7841,350,2023-04-15,2153221
7842,597,2023-02-17,757550
7843,441,2023-02-08,832802
7844,530,2023-01-31,1818954
7845,483,2023-01-10,1980350
7846,592,2023-01-30,802533
7847,121,2023-01-18,949090
7848,400,2023-03-29,2822743
7849,239,2023-05-05,407902
7850,459,2023-03-14,1991402
7851,424,2023-01-15,1920302
7852,599,2023-01-04,1672332
7853,485,2023-06-17,704659
7854,192,2023-01-09,459717
7855,547,2023-04-19,732494
7856,380,2023-05-17,2753112
7857,225,2023-06-03,2520145
7858,583,2023-05-12,1210897
7859,497,2023-01-16,2261105
7860,211,2023-05-23,1340307
7861,454,2023-04-09,2342024
7862,239,2023-05-01,2584695
7863,584,2023-02-21,913441
7864,535,2023-03-10,501127
7865,373,2023-01-05,2598515
7866,199,2023-01-20,2880074
7867,352,2023-03-20,945337
7868,438,2023-05-26,1579366
7869,204,2023-04-21,1115589
7870,314,2023-01-02,661629
7871,349,2023-04-03,934217
7872,252,2023-01-13,1215402
7873,350,2023-01-04,651872
7874,375,2023-06-19,98113
7875,265,2023-04-19,2606999
7876,587,2023-03-15,1941792
7877,441,2023-04-05,187809
7878,108,2023-04-15,1579764
7879,384,2023-01-08,1559219
7880,105,2023-03-08,306268
7881,245,2023-04-20,415412
7882,201,2023-01-09,2509667
7883,264,2023-04-27,116651
7884,474,2023-01-11,1315125
7885,247,2023-04-09,105395
7886,164,2023-02-11,2652785
7887,191,2023-05-21,1889085
7888,217,2023-06-13,385837
7889,454,2023-04-30,1153859
7890,367,2023-05-21,1113060
7891,410,2023-01-12,2718954
7892,273,2023-02-06,2415067
7893,147,2023-03-15,208726
7894,240,2023-03-14,1508332
7895,346,2023-02-21,234223
7896,249,2023-05-10,1185975
7897,346,2023-02-25,1959893
7898,495,2023-03-01,2632761
7899,587,2023-01-23,2015457
7900,576,2023-04-13,1033071
7901,105,2023-02-09,1249221
7902,565,2023-03-05,718093
7903,284,2023-03-26,1706090
7904,120,2023-05-31,643538
7905,525,2023-06-06,307906
7906,146,2023-06-28,1758268
7907,112,2023-03-30,1204592
7908,170,2023-01-31,2165977
7909,117,2023-06-27,2131029
7910,471,2023-01-20,2540358
7911,247,2023-05-10,2246217
7912,254,2023-06-02,652731
7913,404,2023-01-13,381756
7914,208,2023-05-02,2234826
7915,336,2023-04-13,2041363
7916,408,2023-04-16,537257
7917,452,2023-04-29,416474
7918,170,2023-03-11,1320457
7919,283,2023-04-09,51629
7920,350,2023-03-23,975083
7921,328,2023-03-16,1222606
7922,202,2023-04-28,1501257
7923,175,2023-03-25,2071933
7924,517,2023-03-10,2919359
7925,546,2023-02-28,1538367
7926,316,2023-05-06,2806719
7927,507,2023-04-21,2039712
7928,499,2023-03-03,282199
7929,511,2023-05-24,2890524
7930,303,2023-05-08,1157273
7931,292,2023-04-15,2805385
7932,349,2023-03-09,1933207
7933,599,2023-01-15,1224966
7934,342,2023-02-04,53734
7935,565,2023-01-14,233299
7936,279,2023-06-26,2791034
7937,537,2023-04-12,162728
7938,562,2023-04-10,691253
7939,319,2023-01-07,1573185
7940,182,2023-01-30,2920077
7941,192,2023-02-18,2514000
7942,535,2023-05-24,2737312
7943,275,2023-04-21,1026152
7944,339,2023-06-28,2441075
7945,360,2023-03-13,713812
7946,491,2023-03-21,1737202
7947,465,2023-03-24,1451907
7948,263,2023-02-11,1609804
7949,148,2023-01-17,672168
7950,429,2023-06-22,2739848
7951,428,2023-01-07,841247
7952,216,2023-06-04,2166449
7953,529,2023-01-10,2177259
7954,437,2023-02-03,2462089
7955,437,2023-02-05,2527050
7956,469,2023-06-02,312552
7957,325,2023-01-06,2781349
7958,452,2023-06-01,2050290
7959,428,2023-05-26,1215055
7960,247,2023-05-14,1228957
7961,163,2023-01-29,2057998
7962,394,2023-05-06,1161766
7963,423,2023-06-02,796644
7964,543,2023-03-22,2085167
7965,425,2023-06-23,544658
7966,113,2023-06-01,1444932
7967,531,2023-03-16,806918
7968,594,2023-01-26,1878770
7969,289,2023-05-07,2668053
7970,387,2023-04-25,23196
7971,308,2023-05-06,1569648
7972,214,2023-01-28,1955573
7973,580,2023-05-11,1931357
7974,122,2023-03-16,2968423
7975,449,2023-06-15,2623680
7976,314,2023-03-19,1490017
7977,271,2023-06-28,2687293
7978,423,2023-03-31,2035470
7979,154,2023-06-25,2804787
7980,494,2023-01-21,878811
7981,398,2023-02-23,1184650
7982,420,2023-04-13,2684649
7983,226,2023-02-28,1687108
7984,377,2023-03-13,2873507
7985,564,2023-06-28,1801336
7986,304,2023-01-20,644588
7987,294,2023-04-22,2174327
7988,269,2023-02-28,1170127
7989,252,2023-03-12,825408
7990,135,2023-05-17,2509913
7991,284,2023-04-19,2698306
7992,386,2023-05-09,2234904
7993,157,2023-06-06,2370716
7994,322,2023-02-25,313257
7995,403,2023-02-04,1839456
7996,263,2023-05-03,1608265
7997,119,2023-05-11,1998964
7998,470,2023-04-14,1284008
7999,364,2023-01-07,2282638
8000,382,2023-01-27,2788654
