order_id,product_id,quantity,price
5001,483,1,911307
5002,441,3,1028008
5003,325,4,1429849
5004,105,3,63923
5005,406,3,1682060
5006,320,2,1595259
5007,41,2,1433169
5008,215,3,1452467
5009,71,3,772744
5010,56,1,1477571
5011,407,4,615316
5012,236,1,967226
5013,281,2,1468903
5014,475,2,786751
5015,105,1,685344
5016,390,4,899608
5017,375,3,1796264
5018,162,1,1323891
5019,191,2,1357644
5020,9,4,465919
5021,60,2,1363297
5022,381,4,158783
5023,305,4,1678412
5024,225,4,1325864
5025,307,1,1561661
5026,188,1,515187
5027,70,1,1717957
5028,293,4,1304411
5029,287,4,1990176
5030,482,2,1921563
5031,169,3,1420568
5032,62,1,1274660
5033,349,4,814686
5034,442,2,407554
5035,14,2,773315
5036,164,2,490336
5037,420,1,943469
5038,245,1,1276648
5039,335,3,1316605
5040,8,2,1277623
5041,154,1,385169
5042,36,2,150509
5043,48,4,782072
5044,85,2,1363683
5045,28,3,547561
5046,196,1,559618
5047,446,4,172566
5048,208,1,620710
5049,470,4,928521
5050,204,2,23212
5051,464,2,252131
5052,307,3,496657
5053,104,3,1680458
5054,230,4,1200728
5055,426,3,1363395
5056,101,3,1090583
5057,29,3,658093
5058,127,3,1413361
5059,338,2,1688679
5060,10,3,853247
5061,106,2,1938490
5062,167,2,1855647
5063,466,1,345737
5064,257,2,1580740
5065,295,2,98038
5066,277,3,1040998
5067,65,2,1424619
5068,271,4,810168
5069,388,3,1846370
5070,188,3,1085049
5071,317,3,673059
5072,404,1,1194377
5073,138,3,914030
5074,343,2,630911
5075,105,4,1576828
5076,34,3,1293673
5077,380,3,318964
5078,110,4,1284509
5079,432,3,1388309
5080,33,1,741167
5081,354,2,1349134
5082,231,4,1458098
5083,317,4,44220
5084,266,1,604819
5085,182,2,1440722
5086,340,1,527409
5087,65,2,717785
5088,333,1,29387
5089,1,3,265752
5090,133,1,621103
5091,80,4,571872
5092,271,4,589071
5093,241,4,1763745
5094,28,1,729687
5095,223,4,668782
5096,23,4,1708678
5097,496,3,270139
5098,109,3,1985760
5099,107,2,520228
5100,145,2,1734793
5101,369,2,1766197
5102,354,1,880020
5103,397,2,954499
5104,398,1,1315085
5105,139,1,33580
5106,284,2,1611104
5107,298,2,798639
5108,480,1,1414166
5109,99,3,488968
5110,317,4,910965
5111,123,4,798559
5112,320,4,1552239
5113,287,3,448082
5114,81,1,625262
5115,495,2,1666265
5116,457,1,233165
5117,10,1,425427
5118,8,2,472201
5119,405,3,1232916
5120,205,4,1858654
5121,315,4,730731
5122,434,1,1840987
5123,197,3,324960
5124,198,4,1158036
5125,30,3,1374832
5126,479,2,1119624
5127,401,1,1799382
5128,459,1,1201426
5129,20,3,1900760
5130,48,4,1546769
5131,457,3,1925734
5132,130,2,756200
5133,293,4,1042805
5134,385,4,964793
5135,132,3,326932
5136,356,2,286891
5137,54,4,1012326
5138,378,1,544333
5139,281,2,1032782
5140,387,4,1600622
5141,265,3,1848261
5142,470,4,931508
5143,215,1,1747373
5144,460,2,1743521
5145,458,4,160926
5146,290,1,203148
5147,43,4,863382
5148,74,4,692709
5149,350,2,1820164
5150,278,3,1745284
5151,326,3,1233944
5152,242,1,514496
5153,130,1,39455
5154,350,1,754184
5155,194,2,1533715
5156,32,3,1300473
5157,106,1,452509
5158,400,1,1561222
5159,204,4,632840
5160,1,4,852548
5161,245,1,402605
5162,72,4,584772
5163,432,4,967719
5164,306,4,1412358
5165,397,2,678764
5166,15,1,188332
5167,53,1,1169223
5168,428,4,1658506
5169,8,2,1804667
5170,330,4,852441
5171,46,2,1030193
5172,325,1,1197400
5173,114,4,793202
5174,147,1,836037
5175,495,2,1703743
5176,166,3,1713691
5177,379,2,287724
5178,139,3,921334
5179,117,1,287544
5180,299,1,1763579
5181,276,4,771545
5182,404,3,1065962
5183,277,2,1951040
5184,338,1,147319
5185,313,3,532193
5186,178,2,1547965
5187,330,3,126960
5188,354,2,59015
5189,154,2,1402433
5190,414,2,748165
5191,201,2,952478
5192,366,3,165109
5193,115,3,497508
5194,159,4,1854927
5195,42,3,953671
5196,247,3,1157330
5197,68,4,241775
5198,445,3,1373868
5199,445,2,747513
5200,326,1,696894
5201,334,1,766355
5202,196,4,929222
5203,90,3,1941086
5204,111,3,1125455
5205,368,4,139894
5206,359,1,610127
5207,145,2,1098332
5208,275,3,688043
5209,179,4,1249133
5210,241,2,1297879
5211,326,4,1472817
5212,319,4,694075
5213,477,4,1007601
5214,331,1,511599
5215,464,1,515283
5216,414,4,637231
5217,153,3,762476
5218,104,2,168188
5219,75,3,581032
5220,128,1,144697
5221,199,2,1549371
5222,154,4,1708936
5223,56,3,415340
5224,278,3,256028
5225,345,4,713411
5226,19,3,1075752
5227,159,1,1946318
5228,26,4,1845229
5229,426,3,1526610
5230,169,4,533611
5231,484,2,1218324
5232,23,4,1113753
5233,47,3,1552088
5234,13,1,1179199
5235,217,4,1593861
5236,322,4,472546
5237,194,3,981273
5238,144,1,516184
5239,73,1,1054549
5240,156,2,664467
5241,77,2,267439
5242,419,3,1016157
5243,169,1,664691
5244,461,1,1997311
5245,287,2,115287
5246,85,2,1188150
5247,416,3,800751
5248,182,1,1190085
5249,482,4,1416167
5250,456,2,1964530
5251,315,3,1517757
5252,297,1,1411864
5253,112,1,1841369
5254,450,2,1261165
5255,230,3,1947701
5256,96,4,376459
5257,438,2,508720
5258,168,3,1882395
5259,378,1,1072666
5260,156,4,1975854
5261,421,3,1486737
5262,105,4,1895247
5263,193,3,23743
5264,489,3,1099500
5265,330,3,1209844
5266,439,3,1985168
5267,132,4,1946823
5268,355,2,1698176
5269,382,4,1399580
5270,138,3,978904
5271,431,4,760537
5272,331,4,1816954
5273,270,4,249602
5274,38,3,1411119
5275,396,4,855227
5276,45,1,857985
5277,401,3,1577504
5278,464,4,1172552
5279,163,1,175183
5280,450,4,1706430
5281,331,2,1326019
5282,253,4,1712832
5283,169,4,81600
5284,451,2,594310
5285,285,3,1727135
5286,274,2,857329
5287,20,3,844470
5288,239,2,143323
5289,270,4,1254686
5290,418,4,1713142
5291,433,3,917486
5292,310,3,1338617
5293,31,1,608829
5294,314,1,1175544
5295,104,4,1607756
5296,170,4,945775
5297,186,1,1093391
5298,128,1,852044
5299,210,3,1495149
5300,414,2,488304
5301,281,3,822699
5302,447,1,824700
5303,253,4,658751
5304,19,1,484151
5305,200,4,901779
5306,220,4,1259308
5307,136,4,1265175
5308,223,4,214451
5309,3,2,376686
5310,451,1,716631
5311,236,3,1397332
5312,342,4,158307
5313,465,4,1157333
5314,228,3,429633
5315,401,3,904507
5316,142,4,316753
5317,499,3,909217
5318,9,3,1322776
5319,190,2,971406
5320,350,3,1616509
5321,405,1,1524665
5322,460,1,1788494
5323,165,1,344377
5324,480,4,1442163
5325,139,1,1223049
5326,276,2,814203
5327,291,1,1536243
5328,53,4,492650
5329,175,2,480665
5330,110,1,384745
5331,203,2,1554396
5332,436,2,1463734
5333,136,4,1744324
5334,4,4,931656
5335,155,2,627539
5336,172,1,601330
5337,424,4,860172
5338,358,2,216945
5339,47,3,1639888
5340,94,3,1747386
5341,428,4,1649829
5342,48,1,292201
5343,240,3,768609
5344,347,3,815415
5345,213,3,412613
5346,436,1,564283
5347,340,1,134587
5348,324,4,1301652
5349,139,4,766988
5350,205,3,490897
5351,381,1,1107462
5352,73,2,1419745
5353,4,3,509788
5354,76,4,115149
5355,329,1,638308
5356,77,4,1595537
5357,304,4,972394
5358,256,1,1932521
5359,410,3,43466
5360,102,1,257626
5361,106,3,1947553
5362,333,4,1578542
5363,39,1,1643270
5364,476,2,416904
5365,314,3,1662148
5366,275,2,780006
5367,88,3,921011
5368,211,1,1606529
5369,369,2,564929
5370,77,1,445716
5371,77,3,580085
5372,442,3,1808702
5373,28,3,1376670
5374,245,3,935986
5375,66,4,1695203
5376,266,3,1706295
5377,382,2,1300851
5378,470,3,422854
5379,205,1,1876181
5380,58,4,688582
5381,201,2,201136
5382,225,4,1236658
5383,142,4,1321877
5384,381,4,562383
5385,368,1,1192130
5386,84,4,414655
5387,143,4,932046
5388,352,3,1827853
5389,33,1,498766
5390,401,2,942879
5391,152,2,1681887
5392,158,2,1700045
5393,446,1,242310
5394,141,2,827032
5395,446,1,1857474
5396,251,3,1849213
5397,303,3,519344
5398,112,1,1769033
5399,144,2,916366
5400,450,1,1646140
5401,209,1,1511909
5402,224,4,460187
5403,43,1,289072
5404,264,4,1025520
5405,244,3,1910317
5406,3,4,225719
5407,125,1,716248
5408,268,3,1818961
5409,84,4,1767768
5410,16,1,136196
5411,334,3,1077980
5412,464,4,1495431
5413,59,1,1802054
5414,177,1,473814
5415,63,2,1706051
5416,446,2,916881
5417,491,4,1620548
5418,49,4,1661455
5419,307,4,1450541
5420,246,1,753082
5421,289,4,284826
5422,286,1,1179762
5423,443,4,787469
5424,332,1,1614696
5425,15,1,1609861
5426,338,2,1365360
5427,255,3,1538674
5428,92,1,1109067
5429,279,4,1131619
5430,206,2,918607
5431,94,4,1197144
5432,225,4,1444970
5433,301,1,1665589
5434,318,1,148131
5435,463,3,1114096
5436,199,1,345063
5437,271,1,654157
5438,500,3,608730
5439,234,4,1853889
5440,46,3,1221418
5441,64,3,387390
5442,230,3,1771434
5443,430,2,1440407
5444,440,4,542485
5445,249,2,667735
5446,246,2,1654341
5447,428,1,544532
5448,75,3,970292
5449,157,3,1032845
5450,223,2,1934461
5451,190,1,470953
5452,473,1,1246137
5453,52,1,934394
5454,438,4,877735
5455,88,2,1359110
5456,313,4,554535
5457,339,1,1268699
5458,66,1,1783655
5459,150,1,1496470
5460,20,3,1060673
5461,33,2,501018
5462,328,3,1275934
5463,281,4,836015
5464,46,3,536456
5465,73,2,1207724
5466,354,3,955510
5467,313,1,1214699
5468,343,4,417530
5469,133,4,572958
5470,55,1,1562549
5471,61,1,1005055
5472,345,1,1979928
5473,8,2,1078812
5474,272,3,55568
5475,246,4,1700191
5476,176,3,275745
5477,493,1,392332
5478,116,1,505119
5479,317,3,298496
5480,271,4,1718585
5481,193,2,279291
5482,150,3,458866
5483,131,1,423562
5484,102,1,700516
5485,310,2,75904
5486,270,3,928573
5487,292,2,298252
5488,210,2,542247
5489,495,4,809285
5490,361,4,366300
5491,338,1,286320
5492,67,3,644747
5493,10,4,1487712
5494,49,1,1254498
5495,487,3,1206477
5496,111,1,143225
5497,321,4,513406
5498,219,1,1828711
5499,57,3,241738
5500,283,3,924890
5501,459,1,1703757
5502,113,3,880359
5503,133,1,498076
5504,71,3,1973186
5505,83,1,262726
5506,57,1,1371387
5507,376,1,741202
5508,349,2,1497635
5509,271,3,726168
5510,483,4,1492335
5511,111,1,485996
5512,357,2,1075187
5513,375,4,1418962
5514,76,1,1939620
5515,158,4,1901910
5516,20,2,791812
5517,421,4,1363763
5518,131,1,156343
5519,329,4,879299
5520,122,4,359233
5521,41,1,865177
5522,167,2,1558668
5523,410,2,999581
5524,130,4,1258767
5525,23,3,1735509
5526,279,4,1745345
5527,251,3,892402
5528,469,4,1355184
5529,400,2,1317796
5530,9,4,1504632
5531,13,4,986289
5532,412,3,662811
5533,411,2,1613526
5534,307,3,824660
5535,320,4,605009
5536,52,1,682746
5537,209,4,813294
5538,38,4,584396
5539,100,3,111788
5540,193,1,488239
5541,402,1,264437
5542,191,3,1829875
5543,51,2,886572
5544,393,1,1020467
5545,141,1,702561
5546,168,3,1923586
5547,311,2,69966
5548,109,2,205846
5549,207,4,1341106
5550,427,4,621516
5551,300,3,1059524
5552,110,2,1214873
5553,196,3,1478485
5554,417,4,1402917
5555,152,3,63021
5556,420,3,401059
5557,243,1,169333
5558,128,1,440594
5559,105,1,923606
5560,10,4,796934
5561,356,3,106755
5562,148,1,949441
5563,489,1,1134906
5564,365,1,722726
5565,364,4,878754
5566,459,4,1957326
5567,140,3,589601
5568,190,3,254729
5569,402,3,777071
5570,94,1,1357752
5571,492,2,1553755
5572,496,4,168430
5573,229,1,1061431
5574,63,1,1916718
5575,340,3,1426046
5576,25,3,1416877
5577,268,1,462037
5578,405,4,48365
5579,281,4,1343909
5580,11,1,1538541
5581,320,2,1600112
5582,201,2,1072945
5583,126,4,476979
5584,306,3,1994130
5585,190,2,1883613
5586,89,2,1904624
5587,355,3,1516271
5588,116,2,385863
5589,352,1,1240531
5590,177,2,1625919
5591,14,3,1792667
5592,257,1,1447400
5593,209,2,289594
5594,281,4,1202573
5595,443,1,493267
5596,328,1,70272
5597,325,4,1073886
5598,389,4,1100393
5599,105,2,1576926
5600,483,2,506160
5601,147,3,1506320
5602,279,3,993283
5603,9,1,760176
5604,118,4,102641
5605,94,4,1808019
5606,434,3,1800246
5607,144,1,1608321
5608,289,1,62311
5609,386,3,1990060
5610,14,3,1220534
5611,494,3,1538904
5612,257,2,1512669
5613,346,1,1716437
5614,186,1,379571
5615,345,1,1891189
5616,400,3,1232910
5617,207,3,1987027
5618,346,3,413238
5619,431,3,807560
5620,172,4,1672386
5621,464,3,1231970
5622,270,2,68929
5623,221,4,625984
5624,152,4,397389
5625,111,3,816240
5626,183,1,1688012
5627,399,3,466098
5628,339,1,828157
5629,72,3,1403254
5630,418,3,1370670
5631,386,1,1812890
5632,283,1,103576
5633,74,1,40557
5634,355,1,566113
5635,215,2,1339718
5636,497,1,56080
5637,328,3,1851679
5638,476,3,1257445
5639,23,2,1739738
5640,68,1,1997247
5641,398,3,513844
5642,447,2,1635271
5643,373,3,1188859
5644,362,2,33338
5645,93,2,620577
5646,321,4,1533312
5647,324,4,1742831
5648,384,1,198982
5649,63,4,1986037
5650,224,2,1177943
5651,225,3,348042
5652,369,3,940958
5653,346,1,1710350
5654,337,4,1417260
5655,103,1,1563351
5656,215,2,1807073
5657,192,4,463853
5658,160,1,1848919
5659,372,3,680709
5660,207,3,1980424
5661,269,1,846395
5662,194,1,1013087
5663,380,1,1469542
5664,403,2,377073
5665,152,2,1746399
5666,237,3,619223
5667,88,2,1782728
5668,11,2,820118
5669,187,4,1568131
5670,214,2,1132104
5671,15,4,1692675
5672,266,2,528907
5673,297,3,1353507
5674,411,1,952280
5675,444,3,397757
5676,73,2,1032567
5677,52,1,732787
5678,128,1,1853005
5679,28,1,1173463
5680,65,4,1129662
5681,17,3,908663
5682,351,4,1324070
5683,428,1,528889
5684,138,3,1656172
5685,319,3,297941
5686,229,2,1336022
5687,254,4,476388
5688,477,4,582347
5689,210,2,151980
5690,431,4,1784188
5691,294,1,1542451
5692,231,1,163949
5693,241,4,296383
5694,70,2,1024475
5695,104,3,47313
5696,204,4,1038394
5697,53,3,1110679
5698,462,2,199480
5699,428,3,1545043
5700,375,2,1157347
5701,330,2,1194804
5702,54,1,111665
5703,276,1,816966
5704,335,2,1898068
5705,31,4,1872197
5706,135,1,1983439
5707,58,2,1678931
5708,105,3,817399
5709,266,3,757351
5710,10,4,871995
5711,496,3,290804
5712,253,3,1449391
5713,295,2,504091
5714,156,3,149909
5715,158,3,1501615
5716,37,3,469058
5717,119,3,160688
5718,67,2,1144552
5719,242,3,1826072
5720,299,4,1248386
5721,463,1,1343827
5722,213,4,1785340
5723,308,1,1687046
5724,101,4,1836017
5725,56,1,898219
5726,332,1,1870962
5727,324,1,299087
5728,239,1,1109301
5729,393,2,1900442
5730,231,4,1940759
5731,362,1,554398
5732,381,4,518864
5733,92,3,1347182
5734,279,1,1409952
5735,447,4,729441
5736,109,2,466015
5737,317,4,610855
5738,168,1,502517
5739,300,3,1775160
5740,470,4,1458145
5741,408,3,862495
5742,435,2,1181970
5743,442,4,1910248
5744,218,4,1936360
5745,222,2,168940
5746,161,2,1013477
5747,16,2,363133
5748,278,1,1090798
5749,497,1,99794
5750,57,4,1656788
5751,62,4,644142
5752,498,4,1933521
5753,363,3,804326
5754,466,2,861081
5755,327,4,385130
5756,242,2,788103
5757,90,1,890181
5758,72,2,253127
5759,326,3,524434
5760,30,3,1209871
5761,359,2,1247814
5762,407,3,59369
5763,288,3,892811
5764,86,1,1924400
5765,234,4,1867669
5766,235,3,1739527
5767,313,4,353862
5768,365,2,730595
5769,265,2,290114
5770,287,3,67922
5771,327,2,1562190
5772,393,1,837187
5773,269,3,1047903
5774,186,3,665214
5775,131,3,39416
5776,291,2,33672
5777,481,2,496684
5778,277,3,148145
5779,320,4,722356
5780,351,2,1929103
5781,180,2,20064
5782,290,3,88835
5783,480,4,1270033
5784,377,3,1991719
5785,163,2,1316371
5786,271,3,1472847
5787,376,3,369738
5788,96,3,661204
5789,262,4,1975316
5790,365,3,1937524
5791,469,2,871098
5792,353,3,1263922
5793,288,4,924726
5794,436,1,1341586
5795,83,4,1072465
5796,225,3,1186770
5797,412,1,1193290
5798,223,3,985730
5799,469,4,1624199
5800,118,1,1119123
5801,482,1,177234
5802,192,3,764809
5803,79,3,700047
5804,78,4,1953764
5805,147,3,293139
5806,107,1,469704
5807,382,2,1071207
5808,271,2,157039
5809,390,4,894726
5810,244,3,1417998
5811,73,4,608759
5812,357,2,319260
5813,468,2,1947124
5814,354,3,1496019
5815,422,1,1725878
5816,26,3,591952
5817,210,2,703429
5818,92,1,1155918
5819,125,4,34407
5820,435,2,1182502
5821,73,4,341345
5822,480,1,886525
5823,123,4,467564
5824,309,2,1805917
5825,184,3,1610742
5826,187,4,103100
5827,198,2,1933637
5828,78,2,1517212
5829,348,1,514308
5830,186,2,1291635
5831,344,3,1636032
5832,253,3,1318972
5833,13,4,1843345
5834,299,4,337006
5835,76,4,1027126
5836,51,4,1019529
5837,275,3,48004
5838,149,1,826903
5839,219,4,544252
5840,122,1,636108
5841,211,2,1259815
5842,280,2,1695093
5843,26,4,497044
5844,173,2,871740
5845,156,1,1414689
5846,238,1,1083144
5847,376,2,1048464
5848,82,4,1602330
5849,492,1,1290705
5850,356,1,1650188
5851,490,3,908640
5852,413,4,166539
5853,273,3,1035059
5854,68,2,1668819
5855,44,2,167748
5856,493,3,1163367
5857,61,4,706874
5858,123,1,915150
5859,349,2,566938
5860,196,4,370434
5861,330,4,1146277
5862,409,2,1865691
5863,479,2,249164
5864,323,4,1521611
5865,111,1,625266
5866,258,3,1597724
5867,89,2,679089
5868,433,3,575639
5869,198,4,1574496
5870,282,3,1393464
5871,200,1,699706
5872,99,4,926630
5873,27,1,880587
5874,89,4,1190025
5875,146,1,620988
5876,182,4,779774
5877,257,1,1861963
5878,189,4,1326147
5879,240,1,483506
5880,359,4,457509
5881,387,1,736696
5882,196,2,828094
5883,297,3,1599272
5884,165,4,1764339
5885,307,1,283369
5886,271,2,949700
5887,8,4,483002
5888,38,4,1215020
5889,114,4,801608
5890,339,3,1610143
5891,56,1,1178977
5892,431,1,1295377
5893,474,4,791668
5894,359,4,1572151
5895,138,4,1947412
5896,102,2,189259
5897,334,4,267145
5898,177,3,330625
5899,169,1,703835
5900,339,3,1113128
5901,286,4,219041
5902,261,2,1276182
5903,375,4,1823541
5904,223,4,806157
5905,199,4,1468650
5906,211,4,749846
5907,287,4,94474
5908,180,1,307312
5909,250,3,1624963
5910,231,2,222252
5911,472,4,1833318
5912,482,2,1392175
5913,23,1,598528
5914,48,3,356940
5915,109,4,1909600
5916,296,1,1853610
5917,6,1,1452901
5918,38,3,272051
5919,169,4,1170187
5920,356,3,1650910
5921,283,3,1843332
5922,203,2,36488
5923,325,2,1258489
5924,313,3,400665
5925,273,2,1986475
5926,244,1,728029
5927,327,3,686205
5928,475,4,1759995
5929,47,4,1086970
5930,249,1,900425
5931,79,4,1245554
5932,110,4,1127908
5933,13,3,1236953
5934,395,1,1111204
5935,380,3,827784
5936,365,1,1548474
5937,90,3,889403
5938,342,3,1120569
5939,348,2,1239034
5940,280,4,909459
5941,221,1,994128
5942,73,4,470281
5943,234,2,926644
5944,260,1,498720
5945,113,2,526357
5946,46,4,1077115
5947,274,3,152335
5948,43,2,1475097
5949,208,2,1908825
5950,417,3,961902
5951,349,4,1308886
5952,103,2,1035120
5953,124,4,1275449
5954,10,3,1379827
5955,329,1,969656
5956,187,2,506476
5957,31,4,968128
5958,156,3,935672
5959,60,3,1430375
5960,249,2,600420
5961,387,1,1980709
5962,374,2,125494
5963,439,4,1907987
5964,270,3,1913021
5965,442,1,1294573
5966,217,4,608085
5967,399,2,1120374
5968,2,3,1740586
5969,24,2,1487806
5970,206,1,1669285
5971,320,1,1338154
5972,496,1,836460
5973,199,1,1659422
5974,356,1,1879339
5975,114,2,87573
5976,280,1,673761
5977,155,1,487508
5978,165,3,1059970
5979,486,1,1245974
5980,222,3,365123
5981,91,3,1037232
5982,167,3,810555
5983,447,2,298747
5984,207,2,348085
5985,282,4,62597
5986,65,4,1787174
5987,376,3,890670
5988,4,2,455935
5989,157,1,1815722
5990,249,4,1372471
5991,257,2,1981470
5992,235,1,106978
5993,306,1,1348413
5994,366,2,1551333
5995,470,4,1237345
5996,395,2,376668
5997,74,4,380013
5998,187,3,705352
5999,62,2,1394545
6000,337,2,684882
6001,164,4,1461195
6002,56,4,1900414
6003,111,2,258078
6004,218,1,1308716
6005,240,1,1736057
6006,21,1,1716235
6007,141,3,1476011
6008,265,3,808049
6009,139,4,63016
6010,459,3,463888
6011,70,1,1354996
6012,385,2,1823823
6013,118,3,1402960
6014,198,3,912724
6015,205,1,1255383
6016,214,3,1610823
6017,56,4,1621386
6018,287,2,1517879
6019,470,1,1471745
6020,293,4,46567
6021,175,1,1522315
6022,347,4,1131284
6023,370,2,146206
6024,500,2,566848
6025,462,4,1651254
6026,128,4,1718636
6027,431,4,481365
6028,378,4,974164
6029,325,4,1375824
6030,442,4,1650669
6031,292,2,256109
6032,288,4,515951
6033,226,3,1355216
6034,64,2,1807237
6035,455,1,111257
6036,426,2,1072091
6037,48,1,548742
6038,202,1,257145
6039,498,3,42873
6040,337,4,1928928
6041,414,4,1344447
6042,405,2,1721240
6043,60,4,613358
6044,397,3,1954067
6045,257,2,1717428
6046,65,2,248497
6047,239,2,661501
6048,289,4,725339
6049,38,4,1618329
6050,25,4,1253548
6051,410,2,604087
6052,461,2,530237
6053,59,1,640417
6054,476,1,1483122
6055,417,4,1732238
6056,357,2,1027470
6057,383,4,389432
6058,297,4,263761
6059,158,1,1010221
6060,57,3,262821
6061,433,4,1081451
6062,48,3,1620083
6063,328,3,842614
6064,433,2,1804477
6065,431,2,455485
6066,56,4,361925
6067,65,1,1075033
6068,268,1,944253
6069,69,4,1101640
6070,216,4,1995901
6071,390,1,1708120
6072,89,3,904729
6073,449,4,1827523
6074,281,3,1278303
6075,257,4,1993744
6076,160,4,180353
6077,490,3,1850927
6078,234,3,1305463
6079,131,1,445037
6080,49,4,779129
6081,147,2,962151
6082,316,2,1662782
6083,491,4,1281633
6084,413,4,496015
6085,434,4,896611
6086,2,3,357088
6087,329,2,1157718
6088,440,2,47603
6089,145,2,1901466
6090,444,4,90605
6091,366,3,1350343
6092,420,4,588728
6093,61,1,1937435
6094,273,1,1993784
6095,49,2,375970
6096,332,4,309604
6097,444,1,234117
6098,404,1,1806741
6099,434,4,1535303
6100,131,3,1178949
6101,43,4,1992645
6102,57,4,1335590
6103,50,3,1087485
6104,452,2,1339837
6105,465,2,269975
6106,178,2,1922482
6107,293,3,638214
6108,46,1,457538
6109,170,3,147463
6110,271,4,1170112
6111,417,3,826560
6112,336,1,1320557
6113,139,1,1559109
6114,247,4,1399721
6115,148,2,806872
6116,230,1,200685
6117,280,1,1716355
6118,125,1,1997743
6119,192,4,1565851
6120,374,1,1219195
6121,80,2,1674526
6122,94,4,780416
6123,226,2,1068581
6124,65,1,1302728
6125,88,1,1337758
6126,88,2,1861422
6127,201,4,1549451
6128,214,4,1924514
6129,204,2,883018
6130,401,1,1464398
6131,382,3,822914
6132,89,2,774189
6133,476,2,1271521
6134,61,2,1626812
6135,271,1,1420707
6136,94,4,242873
6137,307,1,242322
6138,27,2,40875
6139,214,1,1343777
6140,74,1,52400
6141,61,2,484674
6142,186,1,88607
6143,31,3,1942569
6144,219,1,1358223
6145,12,1,1485557
6146,302,4,1169672
6147,415,4,1056970
6148,32,2,1639476
6149,160,2,904750
6150,489,4,1330114
6151,237,3,104335
6152,227,1,383133
6153,181,3,637300
6154,317,3,101748
6155,46,4,1995508
6156,341,2,706779
6157,458,1,1133771
6158,80,2,749055
6159,135,3,1682710
6160,260,3,646692
6161,475,2,321286
6162,308,2,805608
6163,247,4,1140116
6164,473,2,1762225
6165,159,2,1407668
6166,203,4,1913959
6167,112,2,1080331
6168,468,3,1845779
6169,292,2,1448705
6170,438,1,1677417
6171,310,3,154962
6172,119,4,1949384
6173,383,3,276760
6174,17,4,1085751
6175,493,1,872119
6176,331,1,891415
6177,414,3,501503
6178,227,2,770071
6179,361,3,1748224
6180,486,3,66629
6181,406,1,1709643
6182,117,4,1247448
6183,43,3,712727
6184,368,2,1539546
6185,115,1,1399233
6186,283,3,1675626
6187,37,3,1228670
6188,302,2,1793265
6189,113,3,996918
6190,35,3,1987739
6191,132,3,1126517
6192,336,3,1374193
6193,336,2,730958
6194,469,3,1084616
6195,410,3,1138382
6196,377,3,1737222
6197,228,1,220211
6198,147,2,656364
6199,122,1,75916
6200,81,1,692960
6201,173,2,415507
6202,154,1,1474915
6203,150,1,810243
6204,375,1,575564
6205,58,2,205217
6206,63,3,887481
6207,156,4,221750
6208,449,4,1288430
6209,428,2,766403
6210,356,4,964218
6211,427,2,731045
6212,421,2,1736130
6213,322,4,1403782
6214,401,1,1219010
6215,168,3,1909507
6216,166,4,590569
6217,85,4,1000317
6218,445,4,851284
6219,137,4,806408
6220,461,2,1846557
6221,459,2,524869
6222,189,3,1771772
6223,464,3,1597459
6224,400,4,640218
6225,379,4,1215050
6226,2,4,1063302
6227,106,3,281745
6228,364,4,1789219
6229,72,1,1423396
6230,427,3,1025635
6231,126,1,1766659
6232,170,4,1250970
6233,205,2,1770700
6234,313,1,1486703
6235,337,3,766648
6236,487,1,1874413
6237,472,3,1126698
6238,195,4,1027260
6239,158,1,774849
6240,500,2,1301237
6241,141,1,1721773
6242,275,2,285591
6243,7,3,204215
6244,393,4,1079238
6245,467,4,1524793
6246,493,2,1651146
6247,54,3,418115
6248,104,4,835014
6249,342,3,1660335
6250,338,2,1716377
6251,61,2,1241861
6252,87,1,1700442
6253,258,4,1930879
6254,178,4,1676069
6255,242,1,880513
6256,203,2,912215
6257,31,2,254631
6258,289,2,103805
6259,462,2,1193274
6260,80,3,188902
6261,11,4,944570
6262,417,4,1079288
6263,254,2,1412247
6264,384,2,935885
6265,391,2,1719752
6266,384,4,1825262
6267,287,4,538680
6268,176,2,216437
6269,126,3,1680049
6270,494,1,381995
6271,47,1,1492598
6272,206,1,1605074
6273,476,4,56972
6274,437,4,781254
6275,107,1,316280
6276,464,1,457513
6277,275,3,1971453
6278,337,4,822377
6279,123,4,770561
6280,474,1,1409900
6281,134,3,1401173
6282,107,3,891836
6283,305,1,950728
6284,329,1,1071628
6285,50,4,309416
6286,337,1,1371870
6287,95,2,771564
6288,268,3,168388
6289,23,1,1515181
6290,54,2,1731176
6291,374,3,903527
6292,254,2,1399494
6293,453,2,849607
6294,235,1,413781
6295,484,3,1024802
6296,59,2,1008598
6297,164,4,1084951
6298,259,3,569998
6299,314,4,1773831
6300,216,1,798912
6301,183,4,1014143
6302,57,3,690534
6303,145,2,1437746
6304,423,2,500545
6305,90,3,47597
6306,452,2,1405009
6307,311,4,451613
6308,45,2,970573
6309,460,2,1154263
6310,257,4,138968
6311,21,4,1633138
6312,467,4,1536029
6313,21,1,223570
6314,52,4,1499989
6315,338,4,1641498
6316,171,1,836473
6317,436,2,944752
6318,67,4,367509
6319,113,3,939707
6320,300,4,858418
6321,160,4,1880378
6322,266,1,317391
6323,320,3,1979411
6324,232,2,1450264
6325,463,2,226994
6326,325,3,800768
6327,68,4,1462226
6328,28,1,1655846
6329,437,3,1920188
6330,116,3,652822
6331,51,2,709834
6332,181,1,1355364
6333,260,3,582781
6334,79,1,365968
6335,273,4,534922
6336,108,2,941463
6337,451,4,853721
6338,74,1,1997223
6339,175,4,452809
6340,490,2,452331
6341,184,1,786505
6342,23,3,1746476
6343,274,4,317625
6344,129,2,246577
6345,291,3,1669961
6346,320,2,829010
6347,186,1,950291
6348,479,1,1402768
6349,59,4,534771
6350,492,2,203951
6351,1,2,161668
6352,131,2,1522461
6353,67,1,433146
6354,293,4,199022
6355,467,2,902169
6356,285,2,1349407
6357,89,3,466049
6358,417,2,1191116
6359,100,4,711349
6360,189,3,836615
6361,477,3,1351478
6362,378,3,1725018
6363,346,1,782301
6364,388,3,640656
6365,241,2,1638755
6366,270,1,66901
6367,498,1,1545304
6368,219,1,386056
6369,417,1,615350
6370,406,1,509838
6371,176,1,1745499
6372,387,1,1927016
6373,471,3,415991
6374,341,4,1572104
6375,233,2,1587725
6376,151,2,824406
6377,452,3,1746324
6378,277,3,624879
6379,229,1,1321566
6380,171,4,300759
6381,223,1,975390
6382,213,3,42838
6383,282,1,1371448
6384,41,2,1709113
6385,122,2,622288
6386,227,1,1383518
6387,294,4,1043404
6388,88,1,485992
6389,267,1,164608
6390,489,4,156772
6391,29,4,714199
6392,495,4,816680
6393,247,2,1113867
6394,316,1,1937637
6395,451,3,235963
6396,449,4,1194188
6397,244,4,1610041
6398,61,1,1481275
6399,147,3,63815
6400,174,1,844965
6401,433,1,1855034
6402,278,4,124997
6403,334,4,1129187
6404,369,2,631530
6405,441,3,437876
6406,379,3,730463
6407,142,4,387057
6408,44,4,62082
6409,144,4,167330
6410,353,3,647901
6411,333,2,904747
6412,486,3,896122
6413,497,4,115220
6414,396,4,1608253
6415,55,2,111860
6416,307,1,703045
6417,358,1,1521012
6418,423,3,964699
6419,417,1,41797
6420,161,1,1966983
6421,285,3,903601
6422,325,4,1838803
6423,198,1,610620
6424,159,4,780943
6425,80,3,1293573
6426,31,4,476123
6427,473,4,1468980
6428,112,3,305840
6429,46,4,1070600
6430,353,1,449201
6431,205,1,681944
6432,52,1,1421718
6433,138,1,178116
6434,472,4,801627
6435,74,1,287429
6436,41,4,476331
6437,479,2,813802
6438,77,4,37903
6439,387,1,707859
6440,187,2,1952912
6441,370,3,829427
6442,52,4,387304
6443,418,1,448416
6444,433,1,1681241
6445,412,1,1270050
6446,467,3,426782
6447,87,2,1892830
6448,109,2,389556
6449,480,1,857654
6450,397,4,1949096
6451,225,1,513301
6452,482,1,1421170
6453,481,4,463884
6454,248,1,653654
6455,69,3,1440798
6456,120,1,608141
6457,67,3,205715
6458,61,1,930226
6459,444,2,173405
6460,327,4,1477750
6461,408,2,1645306
6462,191,1,434170
6463,470,1,1299331
6464,493,3,553963
6465,189,1,1158166
6466,151,1,1439290
6467,286,1,313805
6468,444,2,1657153
6469,402,3,37184
6470,96,2,854395
6471,312,3,701182
6472,309,2,475519
6473,263,1,227537
6474,97,2,811699
6475,453,2,203719
6476,113,3,1065218
6477,476,3,1917822
6478,125,2,842457
6479,456,3,141246
6480,463,3,359749
6481,436,3,676341
6482,132,4,849868
6483,418,3,693832
6484,453,4,170408
6485,417,4,1749523
6486,121,3,883624
6487,197,2,1057004
6488,294,3,1306015
6489,482,1,1975599
6490,122,2,366655
6491,282,4,553953
6492,385,4,702457
6493,260,2,897709
6494,39,2,1645338
6495,54,3,1795909
6496,474,4,438401
6497,161,1,1144487
6498,289,3,1161219
6499,200,2,836916
6500,276,4,279383
6501,16,2,383309
6502,405,2,196682
6503,173,2,1774743
6504,248,3,832267
6505,383,1,1819215
6506,218,1,116453
6507,87,4,598078
6508,82,2,752320
6509,62,1,1864651
6510,287,2,357990
6511,500,4,1480743
6512,42,2,505320
6513,12,1,428449
6514,321,2,557488
6515,234,1,596563
6516,329,4,489284
6517,131,2,1944009
6518,115,1,1745227
6519,218,4,1373168
6520,137,2,968084
6521,106,4,635973
6522,179,1,1483138
6523,16,2,1865627
6524,472,2,1698318
6525,242,2,1594630
6526,334,4,1858557
6527,381,4,1742629
6528,387,1,475235
6529,226,3,1559250
6530,481,2,1849220
6531,242,2,1962946
6532,408,1,1982681
6533,457,2,513496
6534,141,4,1903336
6535,386,4,1539493
6536,199,2,1288748
6537,112,2,1093877
6538,127,4,1637627
6539,21,2,1220413
6540,147,4,851219
6541,89,3,1975683
6542,303,3,1076001
6543,406,2,295001
6544,203,2,1252419
6545,417,2,1423719
6546,416,4,1484236
6547,448,3,803849
6548,85,3,1634321
6549,167,1,515496
6550,384,1,755101
6551,468,2,413920
6552,72,4,549740
6553,298,2,131153
6554,485,3,1893870
6555,9,2,212543
6556,281,2,1006721
6557,473,3,1547850
6558,481,3,1349020
6559,258,3,1995646
6560,275,3,420717
6561,238,1,1070421
6562,20,4,1187918
6563,490,4,845613
6564,233,3,470479
6565,490,4,781654
6566,221,4,1831868
6567,326,4,1016270
6568,17,4,1786974
6569,380,3,268850
6570,89,2,1807226
6571,486,2,1316264
6572,196,2,578692
6573,350,1,1615428
6574,84,4,1690762
6575,387,3,994939
6576,87,3,300371
6577,307,1,1027800
6578,338,3,1589495
6579,154,2,1163835
6580,440,1,1193027
6581,228,3,460691
6582,448,1,1085791
6583,264,1,150577
6584,465,3,1851256
6585,223,2,91074
6586,421,3,959203
6587,493,4,652909
6588,121,4,949958
6589,481,3,1772153
6590,411,2,126759
6591,173,4,1197047
6592,4,4,1876719
6593,342,3,1476851
6594,128,3,1641262
6595,474,3,1856294
6596,480,1,1233945
6597,472,1,652592
6598,110,1,1173535
6599,355,3,1307893
6600,37,2,1750421
6601,480,4,1390687
6602,71,1,1952811
6603,289,2,1198321
6604,31,3,74583
6605,439,1,1716941
6606,381,3,464846
6607,268,2,1179935
6608,11,1,1619950
6609,344,1,691844
6610,328,1,743983
6611,32,1,648420
6612,57,2,1583905
6613,166,1,1127839
6614,188,4,1742611
6615,342,4,1975163
6616,482,3,1129240
6617,19,1,437896
6618,116,4,926906
6619,468,4,1407688
6620,184,4,1989571
6621,270,2,1770062
6622,33,1,1835594
6623,10,2,416608
6624,80,2,475473
6625,192,4,1136380
6626,320,4,844832
6627,190,3,449767
6628,68,1,1883096
6629,475,1,1279663
6630,348,4,962969
6631,125,4,461371
6632,427,1,1156469
6633,336,3,1860977
6634,59,4,28981
6635,436,3,1482824
6636,97,2,336235
6637,496,4,127154
6638,275,2,1355128
6639,149,4,1748177
6640,278,2,1068378
6641,265,4,854372
6642,9,3,1544730
6643,457,3,726465
6644,283,3,1260698
6645,273,2,1072233
6646,428,3,827662
6647,301,2,956184
6648,8,4,1282342
6649,208,2,629019
6650,402,4,193412
6651,125,1,1759886
6652,123,1,683227
6653,33,1,1802478
6654,1,2,1072905
6655,204,1,1025591
6656,6,1,1366585
6657,297,1,742300
6658,439,4,1588473
6659,5,3,57869
6660,443,2,1266553
6661,80,1,1975193
6662,274,4,518185
6663,177,3,1152560
6664,338,3,931604
6665,321,3,1169645
6666,339,4,268577
6667,438,1,896143
6668,445,3,348396
6669,136,4,1410106
6670,387,4,138728
6671,25,2,543846
6672,325,4,1987791
6673,183,3,1094377
6674,168,3,762647
6675,467,4,1828501
6676,338,3,1683573
6677,178,4,335414
6678,373,3,1533414
6679,95,2,861967
6680,33,1,275560
6681,111,2,788026
6682,146,2,752119
6683,381,1,36220
6684,441,3,1344112
6685,231,1,1547379
6686,272,4,415462
6687,336,1,1350730
6688,495,2,146951
6689,38,1,1399078
6690,425,3,503419
6691,135,2,168306
6692,334,4,902622
6693,235,3,1708659
6694,437,2,462667
6695,319,4,929222
6696,368,3,145223
6697,345,4,542886
6698,160,1,619493
6699,38,1,1483576
6700,150,4,967176
6701,400,1,1069658
6702,308,4,1472940
6703,29,3,1227142
6704,144,2,881525
6705,76,4,1382672
6706,145,2,56719
6707,229,2,68737
6708,64,4,1521245
6709,347,1,127271
6710,345,3,1763472
6711,269,2,201676
6712,328,3,1512625
6713,184,2,612127
6714,261,4,854363
6715,268,1,1370645
6716,169,3,202075
6717,259,2,1510689
6718,227,4,107745
6719,33,4,146298
6720,377,2,637997
6721,214,2,324431
6722,50,2,1814662
6723,440,1,446228
6724,492,2,1700116
6725,393,2,717143
6726,489,1,391467
6727,210,4,1023231
6728,434,2,1530107
6729,29,3,1807702
6730,39,4,1508283
6731,347,3,240013
6732,100,2,471800
6733,173,1,819235
6734,17,1,1249273
6735,56,1,1711683
6736,226,2,899793
6737,46,2,33698
6738,67,3,972064
6739,197,1,35376
6740,142,2,496870
6741,323,4,295261
6742,23,2,256591
6743,487,2,993885
6744,94,4,1499748
6745,242,1,1117362
6746,237,4,657293
6747,445,1,1287426
6748,407,4,348624
6749,411,3,707055
6750,54,1,1987591
6751,138,2,859665
6752,473,3,1441742
6753,333,1,1484294
6754,272,1,463226
6755,41,1,1055752
6756,98,4,1027845
6757,183,1,112529
6758,128,2,1535697
6759,229,1,1834360
6760,317,2,1508281
6761,86,2,1693783
6762,256,2,1938541
6763,209,3,494381
6764,215,2,492803
6765,374,4,1554851
6766,100,1,1791246
6767,49,4,229870
6768,201,3,613695
6769,436,1,1666673
6770,258,2,299373
6771,480,1,586464
6772,376,3,639113
6773,178,3,940764
6774,245,4,1166131
6775,123,1,547433
6776,342,1,1165865
6777,171,1,1731738
6778,333,4,808695
6779,136,3,440129
6780,59,2,77788
6781,193,1,1732091
6782,465,4,1724858
6783,268,4,747591
6784,260,2,171744
6785,373,3,1238174
6786,461,1,1900352
6787,95,1,929251
6788,125,4,432230
6789,41,3,1666216
6790,379,1,504495
6791,254,2,1371044
6792,7,3,1576321
6793,471,3,900507
6794,216,4,1295286
6795,69,4,714058
6796,69,1,883601
6797,81,4,1878392
6798,30,3,547800
6799,73,1,1992146
6800,262,1,706860
6801,89,3,1192351
6802,403,1,98743
6803,208,2,367786
6804,213,2,411731
6805,322,1,624146
6806,266,4,1647664
6807,400,2,1524932
6808,293,1,1693228
6809,207,2,1574109
6810,333,4,1333107
6811,77,3,207232
6812,288,1,748927
6813,493,1,1201447
6814,47,1,139095
6815,110,1,1628412
6816,200,1,971399
6817,427,1,110450
6818,210,4,1698533
6819,376,3,886603
6820,420,4,1502171
6821,154,4,327558
6822,10,3,1665935
6823,415,4,1705672
6824,353,2,1569460
6825,157,4,1005848
6826,261,1,1147167
6827,77,2,768501
6828,257,2,1035807
6829,471,3,286441
6830,488,4,653801
6831,131,4,1983676
6832,67,2,892911
6833,455,4,1167328
6834,228,4,156080
6835,163,3,237885
6836,15,2,1446201
6837,232,1,167892
6838,195,2,484764
6839,349,3,173325
6840,30,3,442418
6841,359,3,966740
6842,338,4,611444
6843,331,2,1835824
6844,427,4,80263
6845,497,4,1974004
6846,316,2,643540
6847,486,3,1187208
6848,296,1,1929863
6849,449,1,36575
6850,413,2,1342924
6851,330,2,1080528
6852,220,3,1588402
6853,377,2,1151899
6854,479,2,1775078
6855,147,3,1233520
6856,259,3,704736
6857,292,4,1790020
6858,299,2,162712
6859,143,1,308581
6860,481,2,147129
6861,425,1,894113
6862,235,1,798810
6863,115,1,552191
6864,365,4,1283352
6865,90,3,571151
6866,208,3,325525
6867,164,4,1883556
6868,481,3,463172
6869,84,4,1012030
6870,77,2,555755
6871,161,4,340098
6872,5,3,306045
6873,485,3,1878309
6874,78,2,1979694
6875,91,4,777902
6876,87,2,891612
6877,270,1,1662767
6878,104,4,386099
6879,452,2,953708
6880,487,2,564043
6881,500,3,1390537
6882,339,4,808525
6883,175,1,276094
6884,54,1,482753
6885,388,4,1951327
6886,478,4,1353660
6887,211,2,719400
6888,95,3,974826
6889,223,3,1721578
6890,9,3,1160120
6891,53,4,1677301
6892,77,3,375113
6893,206,2,1175577
6894,316,4,1156301
6895,302,4,1446504
6896,310,3,130675
6897,330,1,114266
6898,112,1,1339956
6899,351,2,879029
6900,165,3,1283772
6901,279,3,154974
6902,27,4,643944
6903,70,4,316508
6904,218,3,1699935
6905,450,4,1036487
6906,365,3,1425130
6907,189,2,1219744
6908,333,4,163092
6909,435,3,1651337
6910,306,4,261472
6911,124,2,326297
6912,19,4,1240925
6913,257,3,320646
6914,296,4,35675
6915,416,4,1186960
6916,22,3,1146805
6917,368,1,633337
6918,477,4,727508
6919,450,4,1419877
6920,40,2,1288895
6921,38,1,1698575
6922,48,2,1702954
6923,183,3,1948329
6924,75,3,746262
6925,209,2,832897
6926,183,4,1887294
6927,435,1,1123371
6928,107,2,1438859
6929,188,2,754543
6930,264,3,123845
6931,86,4,1380706
6932,324,1,980705
6933,331,2,980819
6934,456,1,1406116
6935,137,1,1910186
6936,346,2,817177
6937,386,1,1847096
6938,336,3,1322306
6939,95,4,1272002
6940,326,4,886069
6941,245,4,942532
6942,469,3,249333
6943,90,3,592854
6944,59,3,850154
6945,403,4,893055
6946,28,1,393218
6947,72,3,619262
6948,270,2,496908
6949,24,3,366228
6950,112,2,190951
6951,300,4,1486559
6952,485,2,268595
6953,56,3,1972361
6954,474,3,1697281
6955,223,1,1923107
6956,120,4,199729
6957,179,2,1208146
6958,288,4,224739
6959,434,3,1355827
6960,425,1,704153
6961,450,3,940200
6962,281,3,860271
6963,372,3,1682105
6964,492,2,1616261
6965,189,3,1600568
6966,66,4,1057763
6967,298,4,1059528
6968,449,1,1871450
6969,420,4,739148
6970,249,3,1198152
6971,76,3,29765
6972,137,4,1446548
6973,164,1,30002
6974,233,1,1852717
6975,255,4,1866398
6976,476,2,195508
6977,294,2,1327022
6978,417,2,497698
6979,170,2,1055044
6980,317,4,265620
6981,174,1,550929
6982,470,3,1495501
6983,345,3,1179695
6984,445,4,452525
6985,18,3,1346344
6986,70,2,1078542
6987,338,1,240422
6988,116,4,1233837
6989,80,1,1139877
6990,15,4,659411
6991,176,4,1479015
6992,456,4,515521
6993,269,4,1408903
6994,119,1,778912
6995,299,3,1073535
6996,188,4,1035024
6997,57,2,332946
6998,199,4,1025252
6999,17,1,1716989
7000,434,4,1454515
7001,288,2,47215
7002,406,1,75046
7003,55,4,1058470
7004,499,2,1826129
7005,441,1,1059089
7006,269,4,1425313
7007,303,2,447310
7008,87,1,1762605
7009,318,4,187198
7010,438,1,361180
7011,29,2,1964872
7012,22,4,1713197
7013,321,4,1609636
7014,285,4,596231
7015,48,2,351012
7016,5,3,1380575
7017,250,4,697578
7018,163,2,645412
7019,202,1,1018512
7020,467,1,1387925
7021,101,2,680319
7022,71,3,234051
7023,430,2,458350
7024,163,1,570162
7025,173,1,675295
7026,141,4,545589
7027,138,3,1388737
7028,66,2,1636183
7029,198,1,764976
7030,328,1,1285867
7031,228,1,1032696
7032,281,2,304599
7033,172,2,679472
7034,316,3,1387753
7035,431,4,1572859
7036,40,4,1571870
7037,7,4,1258008
7038,174,1,495634
7039,151,4,389068
7040,211,1,1101311
7041,302,3,879213
7042,86,1,1309783
7043,397,3,1981039
7044,253,3,148305
7045,21,4,1791577
7046,257,4,1700913
7047,379,1,434927
7048,403,2,1336350
7049,381,4,1134064
7050,444,4,154278
7051,33,2,542059
7052,260,2,862721
7053,234,4,301097
7054,3,2,1431652
7055,347,1,1734004
7056,308,3,278946
7057,489,3,98930
7058,227,4,206988
7059,284,4,1331787
7060,70,1,1381378
7061,454,2,596453
7062,439,4,362925
7063,313,3,160931
7064,364,1,1622028
7065,471,1,124946
7066,254,2,1280561
7067,481,4,934012
7068,144,4,777730
7069,24,1,381395
7070,453,3,1613637
7071,425,4,470511
7072,234,3,578227
7073,333,1,943618
7074,175,4,904907
7075,332,3,271442
7076,325,1,1343538
7077,357,3,1340055
7078,159,4,1570147
7079,348,2,337152
7080,348,3,1664609
7081,286,2,718508
7082,18,4,1325021
7083,44,2,285721
7084,155,1,93916
7085,355,2,1728012
7086,410,3,446141
7087,377,3,1043585
7088,231,2,79314
7089,497,1,1896213
7090,371,4,424311
7091,316,2,1706447
7092,402,3,629003
7093,225,3,256576
7094,217,2,76680
7095,56,2,1096976
7096,31,2,526367
7097,357,4,651633
7098,59,3,1791282
7099,380,3,1155686
7100,386,3,1712984
7101,353,4,310706
7102,423,1,978167
7103,445,3,38510
7104,235,3,1654472
7105,107,1,485705
7106,191,4,1382902
7107,480,1,779987
7108,18,1,571171
7109,401,1,1565701
7110,226,1,746787
7111,167,4,711204
7112,71,4,956232
7113,362,1,774283
7114,54,2,555382
7115,245,2,1988487
7116,483,2,992916
7117,350,2,1605508
7118,76,3,1300956
7119,35,4,105834
7120,267,4,1439702
7121,317,1,1522538
7122,300,3,72748
7123,121,1,1914029
7124,324,1,1131227
7125,25,4,1367527
7126,432,3,48669
7127,160,2,705521
7128,84,4,1469074
7129,114,3,308683
7130,223,3,1989387
7131,388,4,1872753
7132,166,4,714793
7133,191,1,253670
7134,175,1,1889563
7135,1,1,1462865
7136,387,2,1887691
7137,229,4,45741
7138,86,3,1221934
7139,62,4,23599
7140,320,3,1197089
7141,401,2,833725
7142,382,4,1346109
7143,206,3,522865
7144,105,3,1343038
7145,318,1,285199
7146,291,2,665452
7147,250,4,1675443
7148,13,1,1730256
7149,163,2,1173393
7150,43,1,24642
7151,386,4,1554486
7152,440,3,1602185
7153,111,4,1410688
7154,205,2,1812229
7155,384,4,472834
7156,256,2,1695634
7157,307,1,541315
7158,438,2,1487836
7159,144,3,1221619
7160,146,3,1848918
7161,391,3,1440482
7162,301,1,1707047
7163,164,2,661447
7164,169,1,1066842
7165,478,4,1880735
7166,298,4,93820
7167,233,4,653350
7168,391,4,1807137
7169,271,3,571764
7170,60,2,542117
7171,296,3,1524475
7172,467,2,1734927
7173,235,2,1809033
7174,165,1,1188931
7175,194,4,1138623
7176,234,2,161868
7177,368,4,1072457
7178,183,4,559956
7179,333,4,251789
7180,232,3,185384
7181,361,4,48106
7182,491,2,768118
7183,107,3,822161
7184,378,4,673642
7185,223,1,614608
7186,80,4,1909921
7187,234,4,341546
7188,381,3,141649
7189,184,2,386074
7190,428,4,1761218
7191,185,3,512665
7192,134,3,1536430
7193,220,2,1047306
7194,288,3,713578
7195,364,2,604027
7196,202,1,1317341
7197,370,4,286651
7198,146,3,197375
7199,324,1,1171128
7200,127,3,623347
7201,457,3,1224315
7202,135,1,1727928
7203,114,3,1830762
7204,264,3,150514
7205,64,1,1535355
7206,491,3,1942688
7207,135,2,1094106
7208,41,3,261348
7209,296,4,1083881
7210,3,3,129097
7211,401,4,1846669
7212,194,4,1811203
7213,463,3,1548001
7214,110,1,512049
7215,221,2,1120620
7216,370,2,1028882
7217,368,3,150436
7218,436,1,109363
7219,406,1,340961
7220,4,2,1695902
7221,244,1,1639530
7222,390,3,1487965
7223,166,3,1873917
7224,26,1,1525759
7225,395,3,968511
7226,474,4,426201
7227,17,2,1055953
7228,216,3,1091101
7229,92,1,1180869
7230,483,2,1169622
7231,31,3,57403
7232,205,2,1236841
7233,419,1,1568757
7234,400,4,417046
7235,207,4,993648
7236,107,3,1200181
7237,146,4,1836490
7238,367,3,172018
7239,101,2,305648
7240,368,3,1703415
7241,318,3,1386435
7242,368,3,1752191
7243,241,4,993945
7244,489,3,1629719
7245,411,1,1110297
7246,247,3,131597
7247,163,2,192922
7248,372,1,1431379
7249,173,2,316867
7250,35,2,1759675
7251,284,2,804717
7252,359,1,1598403
7253,381,1,1010533
7254,358,4,1709224
7255,393,1,383284
7256,460,3,1220959
7257,399,2,1827179
7258,21,4,1924188
7259,308,1,1447705
7260,163,2,368125
7261,490,1,1890942
7262,97,4,1995591
7263,307,1,1461975
7264,339,1,815907
7265,55,2,1546558
7266,471,3,214202
7267,333,1,341721
7268,127,4,1850904
7269,428,1,1356728
7270,193,1,752228
7271,243,3,461157
7272,349,2,1635620
7273,88,4,1794194
7274,336,2,1673594
7275,409,2,441128
7276,215,2,626990
7277,92,1,1250307
7278,303,3,853272
7279,464,1,1281160
7280,235,4,1065254
7281,184,3,320767
7282,38,2,869735
7283,139,3,1901070
7284,195,4,76690
7285,15,1,1801518
7286,257,1,1167556
7287,135,2,1485426
7288,1,1,537926
7289,49,1,535717
7290,96,4,941594
7291,201,3,1375986
7292,413,1,181080
7293,26,4,894075
7294,343,4,602992
7295,429,2,1835017
7296,235,4,476082
7297,349,2,1448094
7298,244,1,814814
7299,358,2,460990
7300,481,4,1536362
7301,327,3,1797998
7302,396,3,1944617
7303,351,1,1639562
7304,416,1,283254
7305,374,3,1970274
7306,404,2,495197
7307,375,1,1200034
7308,51,4,235192
7309,81,1,1310858
7310,36,2,1902809
7311,67,1,1969020
7312,129,4,902517
7313,370,4,1271505
7314,155,4,1027480
7315,245,2,1100142
7316,111,2,1309876
7317,168,4,1092374
7318,481,4,1475357
7319,468,2,43027
7320,142,2,520252
7321,356,2,510847
7322,197,3,1860639
7323,471,2,1813801
7324,109,4,1308204
7325,376,3,1649742
7326,79,2,1638070
7327,390,4,647761
7328,161,1,996086
7329,439,3,78334
7330,19,4,1403043
7331,127,1,597907
7332,205,4,1696400
7333,29,2,440091
7334,445,2,699874
7335,454,1,1592180
7336,207,2,1222228
7337,464,4,279201
7338,280,1,761187
7339,151,4,1990368
7340,240,4,551022
7341,266,4,1806936
7342,182,2,845440
7343,105,2,331493
7344,425,4,1207462
7345,433,3,1504946
7346,401,4,158923
7347,497,4,1979486
7348,440,1,152672
7349,236,4,76614
7350,173,2,223474
7351,158,1,810124
7352,172,3,146745
7353,494,1,1257675
7354,458,3,793131
7355,311,1,1875381
7356,403,1,1822572
7357,157,3,1590011
7358,258,2,1049517
7359,164,2,476021
7360,147,2,394557
7361,391,1,1017887
7362,154,4,558795
7363,463,1,1393651
7364,367,4,619787
7365,38,4,1795578
7366,131,2,748229
7367,358,4,920794
7368,255,1,1952457
7369,208,1,1427539
7370,450,2,1894431
7371,95,3,1172188
7372,348,1,106120
7373,327,4,923841
7374,478,1,897350
7375,171,1,610888
7376,250,1,586136
7377,190,3,1046923
7378,199,4,551108
7379,484,2,814944
7380,221,1,1236373
7381,24,4,333678
7382,244,4,1809087
7383,423,2,1455911
7384,324,1,1763712
7385,128,3,605233
7386,93,4,1838284
7387,300,2,365564
7388,133,3,1247103
7389,55,4,1414208
7390,477,1,533796
7391,158,4,203505
7392,29,3,1340431
7393,410,3,1783198
7394,211,1,1154585
7395,154,1,759145
7396,293,2,553885
7397,475,1,1128643
7398,222,2,1811456
7399,115,3,592310
7400,437,3,533959
7401,158,4,232996
7402,259,4,919105
7403,251,2,1568055
7404,122,1,1053360
7405,299,1,431998
7406,263,4,596070
7407,381,3,485360
7408,49,2,1778949
7409,377,3,1965724
7410,329,3,521525
7411,297,1,924462
7412,362,2,878468
7413,77,3,1366062
7414,463,4,1154321
7415,438,4,958481
7416,127,1,1303224
7417,197,4,1388116
7418,221,4,1183412
7419,483,3,126998
7420,91,4,70021
7421,411,4,1530849
7422,8,3,540410
7423,32,1,1199248
7424,468,1,400703
7425,320,2,1921844
7426,394,4,764875
7427,269,3,444018
7428,191,2,753121
7429,349,1,621305
7430,163,1,1548545
7431,61,3,1834285
7432,438,2,731182
7433,264,2,1513395
7434,285,3,384833
7435,95,3,100291
7436,41,2,1945458
7437,414,1,1759528
7438,470,4,600294
7439,149,1,648556
7440,204,3,1380858
7441,267,2,606686
7442,2,2,241163
7443,178,4,695234
7444,425,2,1912236
7445,194,4,1917678
7446,482,1,1194189
7447,387,1,122071
7448,336,2,1573672
7449,435,2,130572
7450,196,3,792054
7451,343,3,158997
7452,249,2,1858115
7453,498,2,106388
7454,212,1,640007
7455,153,2,1710882
7456,158,3,1882625
7457,466,1,1142834
7458,362,4,856507
7459,139,3,1719862
7460,221,3,829063
7461,273,1,667408
7462,154,4,737804
7463,249,3,1952166
7464,279,2,529800
7465,440,3,421099
7466,436,1,1639085
7467,304,1,1216845
7468,276,1,1436642
7469,493,3,53550
7470,2,4,296786
7471,88,2,650381
7472,287,1,437799
7473,411,4,1329764
7474,130,2,1686749
7475,78,1,623826
7476,260,2,344158
7477,241,2,825955
7478,141,4,392429
7479,228,2,745903
7480,163,1,650167
7481,236,4,110629
7482,128,3,1576280
7483,200,3,358974
7484,450,4,1041445
7485,390,3,1376258
7486,31,2,329454
7487,138,1,948412
7488,492,2,1183842
7489,21,4,1256938
7490,234,1,466850
7491,202,4,819131
7492,279,4,1299817
7493,131,4,1319825
7494,416,2,86912
7495,148,1,1738191
7496,458,1,99183
7497,29,1,80282
7498,361,2,78249
7499,308,3,1631040
7500,371,2,552451
7501,430,2,1909218
7502,162,4,143844
7503,357,1,386731
7504,340,1,775640
7505,61,3,354123
7506,125,3,623148
7507,456,4,1220791
7508,71,1,1859928
7509,326,3,1675775
7510,395,3,844428
7511,364,1,1473540
7512,466,2,376215
7513,243,3,67252
7514,490,1,929166
7515,249,3,476395
7516,221,4,1992530
7517,473,3,1121332
7518,447,1,1905243
7519,21,3,372690
7520,494,4,413236
7521,387,4,932234
7522,82,3,1279901
7523,344,3,390565
7524,367,4,947168
7525,486,4,1397355
7526,10,2,829657
7527,411,2,219245
7528,12,4,913317
7529,263,3,1567840
7530,145,1,1153909
7531,449,3,1764161
7532,192,3,292951
7533,250,2,1020778
7534,114,2,1074978
7535,26,2,1073097
7536,271,4,738525
7537,499,4,795173
7538,33,3,921125
7539,62,3,28382
7540,229,1,536243
7541,303,3,917428
7542,95,3,1564449
7543,35,2,559353
7544,193,2,367614
7545,456,2,34425
7546,76,2,819543
7547,379,2,1240447
7548,249,1,597545
7549,83,1,1978998
7550,25,1,1785113
7551,57,2,1982821
7552,32,4,363190
7553,319,2,844283
7554,12,2,1601680
7555,319,1,1539645
7556,333,2,22175
7557,92,1,1342061
7558,1,2,870340
7559,435,3,1749590
7560,326,4,1522687
7561,136,4,1652560
7562,196,1,208961
7563,133,3,1286792
7564,473,4,365259
7565,86,1,312338
7566,476,2,448053
7567,295,2,1530686
7568,279,3,1152934
7569,324,4,1241224
7570,180,2,1433268
7571,4,1,1743663
7572,126,2,578867
7573,175,2,1165130
7574,251,4,691915
7575,21,4,1908302
7576,485,1,594065
7577,440,3,1467698
7578,105,3,60751
7579,66,2,1269247
7580,443,1,1177326
7581,263,3,1142756
7582,49,3,783274
7583,16,2,224750
7584,145,1,1886652
7585,340,3,1102097
7586,250,4,555852
7587,343,4,649443
7588,354,2,1008144
7589,75,2,440515
7590,290,2,1059535
7591,417,2,1509750
7592,282,3,207150
7593,66,1,1475213
7594,125,2,1419467
7595,319,2,817634
7596,87,3,391551
7597,41,2,1727621
7598,470,2,1158773
7599,186,1,1111213
7600,354,4,693726
7601,380,2,1565040
7602,335,3,1092852
7603,266,1,1935954
7604,271,3,1930222
7605,42,1,175647
7606,93,1,1503193
7607,185,2,323374
7608,215,2,1803360
7609,17,2,1019767
7610,444,4,406230
7611,265,4,1198102
7612,114,3,1576299
7613,292,2,481833
7614,457,4,698381
7615,464,2,1995529
7616,292,4,1477449
7617,48,4,1365779
7618,307,1,1070108
7619,97,2,539518
7620,375,2,1171242
7621,95,4,1774741
7622,326,2,1150127
7623,74,4,188828
7624,336,2,1664744
7625,68,1,126734
7626,246,2,920429
7627,406,1,750002
7628,77,3,971710
7629,208,2,858600
7630,372,2,133123
7631,254,2,750548
7632,221,1,962054
7633,262,2,1468181
7634,410,2,1156473
7635,331,4,1759783
7636,344,3,648887
7637,477,1,1934247
7638,259,4,1349362
7639,308,1,1437582
7640,74,4,1317327
7641,125,3,1105085
7642,188,4,1934425
7643,254,1,855669
7644,447,2,690774
7645,321,2,1918184
7646,308,3,1197209
7647,235,1,886297
7648,474,1,1710045
7649,250,1,606347
7650,332,3,331294
7651,398,2,894799
7652,345,4,1633955
7653,72,3,224196
7654,235,4,20903
7655,324,2,1309600
7656,156,3,860667
7657,455,2,209637
7658,394,4,861774
7659,115,1,1242371
7660,313,1,1104148
7661,228,4,1872618
7662,322,1,1889060
7663,346,4,1167569
7664,245,3,369207
7665,306,3,975054
7666,14,3,991537
7667,16,1,442227
7668,438,2,1564603
7669,427,1,641828
7670,42,1,73533
7671,465,2,699424
7672,110,2,1978997
7673,278,2,803185
7674,324,2,1249229
7675,19,1,1188964
7676,66,4,1883710
7677,167,3,1192058
7678,73,4,815063
7679,403,1,1323512
7680,400,2,1155964
7681,310,3,1717662
7682,409,3,1662907
7683,112,4,1752917
7684,274,1,1890772
7685,407,1,1825707
7686,373,1,1852723
7687,85,3,1512305
7688,139,4,673302
7689,39,3,133076
7690,105,3,1691871
7691,324,2,741558
7692,281,4,1879948
7693,447,2,913850
7694,480,1,1140368
7695,414,3,441648
7696,429,4,1076943
7697,123,1,1966772
7698,218,4,778961
7699,377,3,963015
7700,61,4,815005
7701,100,1,1608446
7702,307,2,1205026
7703,354,3,871728
7704,393,2,1737436
7705,204,3,347985
7706,258,1,1614745
7707,486,3,876665
7708,5,2,1775478
7709,446,3,609573
7710,197,1,1128123
7711,180,3,1786087
7712,342,2,682582
7713,133,1,1076509
7714,443,2,1414105
7715,324,3,785127
7716,253,4,1691570
7717,265,2,491653
7718,93,3,1993020
7719,150,4,1051830
7720,411,4,891022
7721,138,1,1437119
7722,208,4,341289
7723,490,2,194682
7724,125,2,1388240
7725,234,4,1597408
7726,61,3,1028358
7727,307,2,861244
7728,266,2,1271258
7729,134,1,1251148
7730,318,3,977122
7731,113,4,1449810
7732,389,3,1954062
7733,378,1,1285630
7734,454,1,1555871
7735,191,3,994090
7736,379,1,1486581
7737,440,1,414833
7738,187,1,279711
7739,319,3,645122
7740,367,1,1202981
7741,89,4,60002
7742,187,4,275549
7743,307,2,1001124
7744,434,4,1811624
7745,132,2,502843
7746,360,3,413727
7747,123,1,394994
7748,48,4,1722875
7749,288,2,713210
7750,376,3,665836
7751,179,2,1543964
7752,180,1,1100362
7753,99,4,1536148
7754,330,3,318388
7755,34,2,1798650
7756,420,3,1135837
7757,70,2,1349197
7758,171,2,721893
7759,366,1,290640
7760,272,1,1189098
7761,59,2,425486
7762,181,4,751368
7763,19,3,302868
7764,226,3,312560
7765,473,1,1628439
7766,95,4,494406
7767,369,2,1669478
7768,297,1,1162142
7769,81,2,1320637
7770,175,2,1797044
7771,222,1,1195768
7772,103,4,1612223
7773,54,3,421914
7774,183,1,1270040
7775,351,4,1816999
7776,403,2,976996
7777,318,1,1536573
7778,355,3,587922
7779,349,3,1185831
7780,443,2,1635728
7781,321,1,1949490
7782,68,3,57355
7783,28,1,1106266
7784,274,3,1499606
7785,282,2,1755581
7786,360,2,760174
7787,403,1,223811
7788,311,4,1649494
7789,119,4,199243
7790,380,2,1614522
7791,441,3,537196
7792,134,4,1588333
7793,129,2,1307780
7794,8,3,297941
7795,481,3,865231
7796,51,4,1449021
7797,491,2,773702
7798,341,3,1382956
7799,472,3,550553
7800,281,1,1588911
7801,175,1,1718475
7802,183,4,1271782
7803,192,1,1020182
7804,249,2,466710
7805,235,4,403898
7806,83,4,989772
7807,93,1,1052956
7808,373,3,1750934
7809,394,2,1160002
7810,312,2,1031918
7811,268,2,1476098
7812,417,4,1787942
7813,120,2,531933
7814,71,3,1246993
7815,17,3,1211533
7816,253,1,1702545
7817,445,2,850258
7818,122,4,1648461
7819,380,1,1993523
7820,10,3,117375
7821,287,2,1839941
7822,316,3,1872092
7823,326,1,1420167
7824,273,3,548671
7825,306,2,112313
7826,293,2,840793
7827,210,1,100294
7828,446,2,1654195
7829,218,3,115057
7830,241,3,171601
7831,374,4,1782510
7832,464,4,1812563
7833,200,4,403829
7834,216,3,1165493
7835,205,3,1562708
7836,413,1,313076
7837,416,4,535303
7838,216,3,1332628
7839,80,1,1042762
7840,267,3,526705
7841,480,1,1492150
7842,390,4,574700
7843,379,4,1983327
7844,35,4,1938718
7845,289,3,273928
7846,18,3,1280680
7847,165,1,22928
7848,13,2,871590
7849,202,2,1230280
7850,229,4,52309
7851,346,2,815712
7852,366,4,60449
7853,465,1,1024675
7854,448,2,833389
7855,1,2,1760831
7856,319,4,1401219
7857,217,1,637345
7858,34,2,1822087
7859,359,2,1440785
7860,266,2,525074
7861,128,1,697055
7862,212,1,619181
7863,263,2,1524915
7864,312,4,831608
7865,80,4,693769
7866,165,2,799824
7867,413,1,863399
7868,252,2,1593851
7869,12,1,1267149
7870,401,2,256692
7871,304,1,903286
7872,212,3,1094591
7873,282,4,1556519
7874,112,3,394494
7875,211,4,1921412
7876,378,1,136751
7877,239,3,1983815
7878,268,4,1774217
7879,405,2,68231
7880,298,1,1752968
7881,317,1,1359025
7882,58,2,1122882
7883,438,2,239248
7884,34,4,1189715
7885,263,1,1611182
7886,365,4,1212894
7887,35,2,971348
7888,271,1,1232250
7889,449,2,1352304
7890,474,4,791687
7891,227,4,1608033
7892,25,4,1094544
7893,234,1,1992465
7894,59,2,224830
7895,251,2,1977692
7896,335,4,1708255
7897,86,4,1356164
7898,251,4,254856
7899,390,4,1584904
7900,180,3,1436801
7901,207,3,1131073
7902,344,3,1598226
7903,149,4,905686
7904,71,4,1732186
7905,121,2,1661218
7906,253,1,56368
7907,93,2,64109
7908,256,3,1257293
7909,254,2,994501
7910,352,4,47426
7911,288,3,924064
7912,309,3,656925
7913,59,1,1631887
7914,69,1,1452988
7915,446,3,1521059
7916,388,3,1224540
7917,86,2,533168
7918,274,3,1964219
7919,227,4,1687761
7920,81,2,996729
7921,498,4,691367
7922,114,4,1672641
7923,184,4,64858
7924,280,3,1289086
7925,322,1,1420762
7926,397,1,889530
7927,318,4,1613103
7928,54,3,476185
7929,399,2,950569
7930,197,4,1965959
7931,387,2,1109867
7932,293,2,1107381
7933,293,3,1167407
7934,485,3,169515
7935,387,1,29290
7936,447,1,1462003
7937,291,3,1414354
7938,180,4,1874080
7939,471,1,849722
7940,380,2,105186
7941,412,4,1870123
7942,222,2,1598013
7943,274,3,848424
7944,378,2,299860
7945,244,4,1952732
7946,420,3,1606485
7947,417,4,1468612
7948,448,2,805088
7949,154,4,919497
7950,304,3,1885407
7951,424,2,1187950
7952,273,2,1373818
7953,424,1,1900519
7954,135,1,1383963
7955,313,4,397275
7956,8,1,1592566
7957,128,1,835182
7958,373,1,1291258
7959,56,1,954814
7960,126,3,861830
7961,159,3,757902
7962,59,1,1012711
7963,58,4,1841661
7964,140,3,326489
7965,176,1,637718
7966,415,3,134921
7967,108,2,636017
7968,211,3,1644707
7969,447,3,685582
7970,74,4,969013
7971,167,3,151458
7972,460,4,1919342
7973,404,2,349314
7974,357,1,60878
7975,304,4,220741
7976,233,3,1045184
7977,327,3,1237997
7978,372,4,1824207
7979,182,2,1583764
7980,122,1,1683216
7981,334,3,1483321
7982,203,2,1008807
7983,455,1,1503313
7984,29,1,562671
7985,202,3,680261
7986,93,4,849321
7987,329,3,1607497
7988,356,3,606532
7989,176,3,1984185
7990,330,2,210091
7991,211,4,948211
7992,184,2,1812048
7993,95,3,1414317
7994,273,4,720461
7995,137,1,720066
7996,237,4,752444
7997,353,3,35115
7998,418,4,1143955
7999,429,1,1302129
8000,472,1,584267
